/*
use master
create database QLLuong

*/
use QLLuong
go

CREATE TABLE PhongBan (
    MaPhongBan INT PRIMARY KEY,
    TenPhongBan NVARCHAR(100),
    DienThoai NVARCHAR(15)
);
CREATE TABLE TrinhDo (
    MaTrinhDo INT PRIMARY KEY,
    TenTrinhDo NVARCHAR(100),
    PhuCap DECIMAL(15,2)
);
CREATE TABLE ChuyenMon (
    MaChuyenMon INT PRIMARY KEY,
    TenChuyenMon NVARCHAR(100)
);
CREATE TABLE ChucVu (
    MaChucVu INT PRIMARY KEY,
    TenChucVu NVARCHAR(100),
    PhuCap DECIMAL(15,2)
);
CREATE TABLE DanToc (
    MaDanToc INT PRIMARY KEY,
    TenDanToc NVARCHAR(50)
);
CREATE TABLE HeSo (
    MaHeSo INT PRIMARY KEY,
    HeSoLuong FLOAT
);
CREATE TABLE LyDoKTKL (
    MaLyDo INT PRIMARY KEY,
    TenLyDo NVARCHAR(255)
);
CREATE TABLE LuongCoBan_PhanTramBH (
	MaLuongCoBan_PhanTramBH INT PRIMARY KEY,
    LuongCoBan DECIMAL(15,2),
	PhanTramBHYT FLOAT,
	PhanTramBHTN FLOAT,
	PhanTramBHXH FLOAT
);

CREATE TABLE NhanVien (
    MaNhanVien INT PRIMARY KEY,
	IsDeleted BIT NOT NULL DEFAULT 0,
    HoTen NVARCHAR(100),
    GioiTinh NVARCHAR(10),
    NgaySinh DATE,
    NoiSinh NVARCHAR(100),
    NgayVaoCongTy DATE,
    MaDanToc INT,
    MaChucVu INT,
    MaPhongBan INT,
    MaTrinhDo INT,
    MaChuyenMon INT,
    DiaChi NVARCHAR(255),
    DienThoai NVARCHAR(15),
    MaHeSo INT,
	CCCD NVARCHAR(20),
    TaiKhoanNganHang NVARCHAR(100),
    SoTaiKhoanNganHang NVARCHAR(50),
    FOREIGN KEY (MaDanToc) REFERENCES DanToc(MaDanToc),
    FOREIGN KEY (MaChucVu) REFERENCES ChucVu(MaChucVu),
    FOREIGN KEY (MaPhongBan) REFERENCES PhongBan(MaPhongBan),
    FOREIGN KEY (MaTrinhDo) REFERENCES TrinhDo(MaTrinhDo),
    FOREIGN KEY (MaChuyenMon) REFERENCES ChuyenMon(MaChuyenMon),
    FOREIGN KEY (MaHeSo) REFERENCES HeSo(MaHeSo)
);

CREATE TABLE ChamCong (
    ChamCongID INT IDENTITY(1,1) PRIMARY KEY,
    MaNhanVien INT,
    NgayGioVao DATETIME,
    NgayGioRa DATETIME,
    TrangThai NVARCHAR(50),
    GhiChu NVARCHAR(255) NULL,
    FOREIGN KEY (MaNhanVien) REFERENCES NhanVien(MaNhanVien)
);

CREATE TABLE KhenThuongKyLuat (
    MaKTKL INT primary key,
    MaNhanVien INT,
    LoaiKTKL NVARCHAR(50),
    Thang INT,
    Nam INT,
    MaLyDo INT,
    SoTien DECIMAL(15,2),
    FOREIGN KEY (MaNhanVien) REFERENCES NhanVien(MaNhanVien),
    FOREIGN KEY (MaLyDo) REFERENCES LyDoKTKL(MaLyDo)
);
CREATE TABLE Luong (
    MaLuong INT IDENTITY(1,1) PRIMARY KEY,
	MaLuongCoBan_PhanTramBH INT,
    MaNhanVien INT,
	MaKTKL int,
    Thang INT,
    Nam INT,
	FOREIGN KEY (MaKTKL) REFERENCES KhenThuongKyLuat(MaKTKL),
    FOREIGN KEY (MaNhanVien) REFERENCES NhanVien(MaNhanVien),
	FOREIGN KEY (MaLuongCoBan_PhanTramBH) REFERENCES LuongCoBan_PhanTramBH(MaLuongCoBan_PhanTramBH)
);



CREATE TABLE Quyen (
	MaQuyen INT PRIMARY KEY,
	TenQuyen NVARCHAR(50)
);

	
CREATE TABLE UserLogin (
	MaNhanVien INT PRIMARY KEY,
    username NVARCHAR(50) ,   
    userpassword NVARCHAR(255)  ,
	MaQuyen INT,
	FOREIGN KEY (MaNhanVien) REFERENCES NhanVien(MaNhanVien),
	FOREIGN KEY (MaQuyen) REFERENCES Quyen(MaQuyen)
);
go
CREATE TABLE LuongCu (
    MaLuongCu INT IDENTITY(1,1) PRIMARY KEY,
    MaNhanVien INT,
    Thang INT,
    Nam INT,
	LuongCoBan  decimal,
	HeSo float,
	PhuCapChucVu decimal,
	PhuCapTrinhDo decimal,
	BHYT decimal,
	BHTN decimal,
	BHXH decimal,
	KhenThuongKyLuat decimal,
	SoCong int,
	ThucLinh decimal,
    FOREIGN KEY (MaNhanVien) REFERENCES NhanVien(MaNhanVien),
);
go

INSERT INTO DanToc (MaDanToc, TenDanToc)
VALUES
    (1, N'Kinh'),
    (2, N'Tày'),
    (3, N'Thái'),
    (4, N'Hmông'),
    (5, N'Khơ Mú'),
    (6, N'Thu Lao'),
    (7, N'Hoa'),
    (8, N'Nùng'),
    (9, N'Dao'),
    (10, N'Ede'),
    (11, N'Ba Na'),
    (12, N'Xơ Đăng'),
    (13, N'Sán Dìu'),
    (14, N'Sán Chay'),
    (15, N'Chăm'),
    (16, N'Hơ Mông'),
    (17, N'Pà Thẻn'),
    (18, N'Giáy'),
    (19, N'Lự'),
    (20, N'Khơ Mú'),
    (21, N'Brâu'),
    (22, N'Gié Triêng'),
    (23, N'Mạ'),
    (24, N'Co Tu'),
    (25, N'Ta Oi'),
    (26, N'Bru Vân Kiều'),
    (27, N'Chứt'),
    (28, N'Lào'),
    (29, N'Lô Lô'),
    (30, N'La Ha'),
    (31, N'La Hu'),
    (32, N'Mảng'),
    (33, N'Mảng'),
    (34, N'Mường'),
    (35, N'Ngái'),
    (36, N'Ơ Đu'),
    (37, N'Pu Péo'),
    (38, N'Phù Lá'),
    (39, N'Rơ Măm'),
    (40, N'Si La'),
    (41, N'Tà Ôi'),
    (42, N'Thổ'),
    (43, N'Xinh Mun'),
    (44, N'Xơ Đăng'),
    (45, N'Xtiêng'),
    (46, N'Bru Vân Kiều'),
    (47, N'Bru Pa Cô'),
    (48, N'Mạ'),
    (49, N'Co Tu'),
    (50, N'Ta Oi'),
    (51, N'Hrê'),
    (52, N'Cor'),
    (53, N'Ra Glai'),
    (54, N'Chơ Ro');


INSERT INTO TrinhDo (MaTrinhDo, TenTrinhDo, PhuCap)
VALUES
    (1, N'Cao đẳng', 500000),
    (2, N'Đại học', 1200000),
    (3, N'Thạc sĩ', 2000000),
    (4, N'Tiến sĩ', 3000000);

INSERT INTO ChucVu (MaChucVu,TenChucVu, PhuCap)
VALUES
    (1,N'Nhân viên', 500000),
    (2,N'Trưởng nhóm', 3000000),
    (3,N'Trưởng phòng', 5000000)
    


INSERT INTO ChuyenMon (MaChuyenMon, TenChuyenMon)
VALUES
    (1, N'Công nghệ thông tin'),
    (2, N'Tài chính'),
    (3, N'Kế toán'),
    (4, N'Marketing'),
    (5, N'Quản trị nhân sự'),
    (6, N'Phát triển phần mềm'),
    (7, N'Quản lý dự án')

INSERT INTO PhongBan (MaPhongBan, TenPhongBan,DienThoai)
VALUES
    (1, N'Phòng Kinh doanh','0355856479'),
    (2, N'Phòng Kế toán','0473827497'),
    (3, N'Phòng Nhân sự','0486738728'),
    (4, N'Phòng IT','0678594389'),
    (5, N'Phòng Marketing','0476738493'),
    (6, N'Phòng Nghiên cứu và Phát triển','0987365267'),
    (7, N'Phòng Hành chính','0875437828');



INSERT INTO HeSo (MaHeSo, HeSoLuong)
VALUES
    (1, 5.0),
    (2, 8.5),
    (3, 10.0)

insert into LuongCoBan_PhanTramBH(MaLuongCoBan_PhanTramBH,LuongCoBan,PhanTramBHYT,PhanTramBHTN,PhanTramBHXH) values(1,2000000,0.015,0.08,0.01)

INSERT INTO LyDoKTKL (MaLyDo, TenLyDo)
VALUES
    (1, N'Hoàn thành xuất sắc nhiệm vụ'),
    (2, N'Đóng góp sáng kiến cải tiến công việc'),
	(3, N'Đạt được mục tiêu đề ra'),
	(4, N'Thưởng tết'),
    (5, N'Vi phạm nội quy công ty'),
	(6, N'Đi làm muộn'),
    (7, N'Không hoàn thành nhiệm vụ được giao'),
    (8, N'Vắng mặt không lý do')




INSERT INTO NhanVien 
    (MaNhanVien, HoTen, GioiTinh, NgaySinh, NoiSinh, NgayVaoCongTy, MaDanToc, MaChucVu, MaPhongBan, MaTrinhDo, MaChuyenMon, DiaChi, DienThoai, MaHeSo, CCCD, TaiKhoanNganHang, SoTaiKhoanNganHang)
VALUES
    (1, N'Nguyen Van A', N'Nam', '1990-01-01', N'Hà Nội', '2020-01-01', 1, 1, 1, 1, 1, N'123 Đường A', N'0901123456', 1, N'123456789', N'Vietcombank', N'123456789'),
    (2, N'Tran Thi B', N'Nu', '1991-02-02', N'HCM', '2020-02-01', 1, 2, 2, 2, 2, N'456 Đường B', N'0902123456', 1, N'987654321', N'Techcombank', N'987654321'),
    (3, N'Le Van C', N'Nam', '1992-03-03', N'Đà Nẵng', '2020-03-01', 1, 3, 3, 3, 3, N'789 Đường C', N'0903123456', 2, N'1122334455', N'Vietinbank', N'1122334455'),
    (4, N'Pham Thi D', N'Nu', '1993-04-04', N'Cần Thơ', '2020-04-01', 2, 1, 4, 4, 4, N'111 Đường D', N'0904123456', 2, N'5566778899', N'ACB', N'5566778899'),
    (5, N'Tran Van A', N'Nam', '1990-02-01', N'Hưng Yên', '2020-01-01', 1, 1, 1, 1, 1, N'123 Đường A', N'0901123456', 1, N'123476789', N'Vietcombank', N'123455789'),
    (6, N'Tran Thi B', N'Nu', '1991-02-02', N'HCM', '2020-02-01', 1, 1, 2, 2, 2, N'476 Đường B', N'0902123456', 1, N'987655321', N'Techcombank', N'987654321'),
    (7, N'Le Van C', N'Nam', '1992-03-03', N'Huế', '2020-03-01', 1, 1, 3, 3, 3, N'989 Đường C', N'0903123456', 2, N'1122324455', N'Vietinbank', N'1122364455'),
    (8, N'Pham Thi D', N'Nu', '1993-04-04', N'Hà Nội', '2020-04-01', 2, 1, 4, 4, 4, N'111 Đường D', N'0904123456', 2, N'5566777899', N'ACB', N'5566748899'),

	(9, N'Vu Van A', N'Nam', '1992-01-01', N'Hà Nội', '2021-01-01', 1, 1, 1, 1, 1, N'12 Đường A', N'0901124456', 1, N'123486789', N'Vietcombank', N'123156789'),
    (10, N'Tran Thi B', N'Nu', '1992-02-02', N'HCM', '2020-02-01', 1, 2, 2, 2, 2, N'45 Đường B', N'0902123446', 1, N'987654921', N'Techcombank', N'987653321'),
    (11, N'Tran Van C', N'Nam', '1994-03-03', N'Đà Nẵng', '2020-03-01', 1, 2, 3, 3, 3, N'89 Đường C', N'0903143456', 2, N'1126334455', N'Vietinbank', N'1122334455'),
    (12, N'Vuong Thi D', N'Nu', '1995-04-04', N'Cần Thơ', '2020-04-01', 2, 2, 4, 4, 4, N'11 Đường D', N'0904423456', 2, N'5536778899', N'ACB', N'5566778849'),
    (13, N'Truong Van A', N'Nam', '1997-02-01', N'Hưng Yên', '2020-01-01', 1, 1, 1, 1, 1, N'13 Đường A', N'0941123456', 1, N'423476789', N'Vietcombank', N'143455789'),
    (14, N'Nguyen Thi B', N'Nu', '1993-02-02', N'HCM', '2020-02-01', 1, 1, 2, 2, 2, N'47 Đường B', N'0902143456', 1, N'987655421', N'Techcombank', N'987254321'),
    (15, N'Tran Van C', N'Nam', '1999-03-03', N'Huế', '2020-03-01', 1, 1, 3, 3, 3, N'98 Đường C', N'0903124456', 2, N'1122324255', N'Vietinbank', N'1122364455'),
    (16, N'Vu Thi D', N'Nu', '1990-04-04', N'Hà Nội', '2020-04-01', 2, 1, 4, 4, 4, N'11 Đường D', N'0944123456', 2, N'5565777899', N'ACB', N'5566748499'),

	(17, N'Nguyen Van Z', N'Nam', '1990-01-08', N'Hà Nội', '2020-01-01', 1, 1, 1, 1, 1, N'1223 Đường A', N'0901123456', 1, N'523456789', N'Vietcombank', N'123456589'),
    (18, N'Tran Thi D', N'Nu', '1991-02-07', N'HCM', '2020-02-01', 1, 1, 2, 2, 2, N'156 Đường B', N'0902123456', 1, N'987654351', N'Techcombank', N'987654351'),
    (19, N'Le Van N', N'Nam', '1992-03-03', N'Đà Nẵng', '2020-03-01', 1, 1, 3, 3, 3, N'89 Đường C', N'0903123456', 2, N'1122344455', N'Vietinbank', N'1122354455'),
    (20, N'Pham Thi A', N'Nu', '1993-04-04', N'Cần Thơ', '2020-04-01', 2, 1, 4, 4, 4, N'311 Đường D', N'0904123456', 2, N'5564778899', N'ACB', N'5566778859'),
    (21, N'Tran Van M', N'Nam', '1990-02-07', N'Hưng Yên', '2020-01-01', 1, 1, 1, 1, 1, N'143 Đường A', N'0901123456', 1, N'153476789', N'Vietcombank', N'153455789'),
    (22, N'Tran Thi Q', N'Nu', '1991-02-07', N'HCM', '2020-02-01', 1, 2, 2, 2, 2, N'476 Đường B', N'0902123456', 1, N'987655341', N'Techcombank', N'987655321'),
    (23, N'Le Van H', N'Nam', '1992-03-09', N'Huế', '2020-03-01', 1, 1, 3, 3, 3, N'984 Đường C', N'0903123456', 2, N'1122324465', N'Vietinbank', N'1122361455'),
    (24, N'Pham Thi A', N'Nu', '1993-04-04', N'Hà Nội', '2020-04-01', 2, 2, 4, 4, 4, N'171 Đường D', N'0904123456', 2, N'5565577899', N'ACB', N'5566748895'),

	(25, N'Vu Van Q', N'Nam', '1992-01-04', N'Hà Nội', '2021-01-01', 1, 1, 1, 1, 1, N'122 Đường A', N'0901224456', 1, N'123485789', N'Vietcombank', N'123556789'),
    (26, N'Tran Thi U', N'Nu', '1992-02-07', N'HCM', '2020-02-01', 1, 1, 2, 2, 2, N'454 Đường B', N'0902123446', 1, N'987654951', N'Techcombank', N'987651321'),
    (27, N'Tran Van H', N'Nam', '1994-03-01', N'Đà Nẵng', '2020-03-01', 1, 1, 3, 3, 3, N'819 Đường C', N'0403143456', 2, N'1126534455', N'Vietinbank', N'5122334455'),
    (28, N'Vuong Thi N', N'Nu', '1995-04-08', N'Cần Thơ', '2020-04-01', 2, 2, 4, 4, 4, N'151 Đường D', N'0944423456', 2, N'5536578899', N'ACB', N'5566778549'),
    (29, N'Truong Van Y', N'Nam', '1997-02-06', N'Hưng Yên', '2020-01-01', 1, 1, 1, 1, 1, N'513 Đường A', N'0942123456', 1, N'453476789', N'Vietcombank', N'145455789'),
    (30, N'Nguyen Thi D', N'Nu', '1993-02-08', N'HCM', '2020-02-01', 1, 2, 2, 2, 2, N'471 Đường B', N'0902143454', 1, N'987655421', N'Techcombank', N'987254325'),
    (31, N'Tran Van I', N'Nam', '1999-03-09', N'Huế', '2020-03-01', 1, 1, 3, 3, 3, N'918 Đường C', N'0903124454', 2, N'1122354255', N'Vietinbank', N'1122364456'),
    (32, N'Vu Thi E', N'Nu', '1990-04-01', N'Hà Nội', '2020-04-01', 2, 2, 4, 4, 4, N'151 Đường D', N'0944123455', 2, N'5565757899', N'ACB', N'5566748493'),

    (33, N'Hoang Van M', N'Nam', '1990-12-31', N'Bình Định', '2020-12-31', 3, 3, 2, 1, 1, N'998 Đường Z', N'0905123456', 3, N'3344556687', N'BIDV', N'3144446679');
GO
INSERT INTO ChamCong (MaNhanVien, NgayGioVao, NgayGioRa, TrangThai, GhiChu)
VALUES 
	(1,'2024-10-25 07:50:00','2024-10-25 17:03:00',N'Ðã Hoàn Thành',NULL),
	(2,'2024-10-25 07:50:00','2024-10-25 17:03:00',N'Ðã Hoàn Thành',NULL),
	(3,'2024-10-25 07:50:00','2024-10-25 17:03:00',N'Ðã Hoàn Thành',NULL),
	(4,'2024-10-25 00:00:00','2024-10-25 00:00:00',N'Nghỉ',N'Có phép'),
	(5,'2024-10-25 07:50:00','2024-10-25 17:03:00',N'Ðã Hoàn Thành',NULL),
	(6,'2024-10-25 08:50:00','2024-10-25 17:03:00',N'Ði trễ',NULL),
	(7,'2024-10-25 07:50:00','2024-10-25 17:03:00',N'Ðã Hoàn Thành',NULL),
	(8,'2024-10-25 00:00:00','2024-10-25 00:00:00',N'Nghỉ','Không phép'),
	(9,'2024-10-25 07:50:00','2024-10-25 17:03:00',N'Ðã Hoàn Thành',NULL),
	(10,'2024-10-25 07:50:00','2024-10-25 17:03:00',N'Ðã Hoàn Thành',NULL),
	(11,'2024-10-25 07:50:00','2024-10-25 17:03:00',N'Ðã Hoàn Thành',NULL),
	(12,'2024-10-25 07:50:00','2024-10-25 17:03:00',N'Ðã Hoàn Thành',NULL),
	(13,'2024-10-25 07:50:00','2024-10-25 17:03:00',N'Ðã Hoàn Thành',NULL),
	(14,'2024-10-25 07:50:00','2024-10-25 17:03:00',N'Ðã Hoàn Thành',NULL),
	(15,'2024-10-25 07:50:00','2024-10-25 17:03:00',N'Ðã Hoàn Thành',NULL),
	(16,'2024-10-25 07:50:00','2024-10-25 17:03:00',N'Ðã Hoàn Thành',NULL),
	(17,'2024-10-25 07:50:00','2024-10-25 17:03:00',N'Ðã Hoàn Thành',NULL),
	(18,'2024-10-25 07:50:00','2024-10-25 17:03:00',N'Ðã Hoàn Thành',NULL),
	(19,'2024-10-25 07:50:00','2024-10-25 17:03:00',N'Ðã Hoàn Thành',NULL),
	(20,'2024-10-25 07:50:00','2024-10-25 17:03:00',N'Ðã Hoàn Thành',NULL),
	(21,'2024-10-25 07:50:00','2024-10-25 17:03:00',N'Ðã Hoàn Thành',NULL),
	(22,'2024-10-25 07:50:00','2024-10-25 17:03:00',N'Ðã Hoàn Thành',NULL),
	(23,'2024-10-25 07:50:00','2024-10-25 17:03:00',N'Ðã Hoàn Thành',NULL),
	(24,'2024-10-25 07:50:00','2024-10-25 17:03:00',N'Ðã Hoàn Thành',NULL),
	(25,'2024-10-25 07:50:00','2024-10-25 17:03:00',N'Ðã Hoàn Thành',NULL),
	(26,'2024-10-25 07:50:00','2024-10-25 17:03:00',N'Ðã Hoàn Thành',NULL),
	(27,'2024-10-25 07:50:00','2024-10-25 17:03:00',N'Ðã Hoàn Thành',NULL),
	(28,'2024-10-25 07:50:00','2024-10-25 17:03:00',N'Ðã Hoàn Thành',NULL),
	(29,'2024-10-25 07:50:00','2024-10-25 17:03:00',N'Ðã Hoàn Thành',NULL),
	(30,'2024-10-25 07:50:00','2024-10-25 17:03:00',N'Ðã Hoàn Thành',NULL),
	(31,'2024-10-25 07:50:00','2024-10-25 17:03:00',N'Ðã Hoàn Thành',NULL),
	(32,'2024-10-25 07:50:00','2024-10-25 17:03:00',N'Ðã Hoàn Thành',NULL),
	(33,'2024-10-25 07:50:00','2024-10-25 17:03:00',N'Ðã Hoàn Thành',NULL),

	(1,'2024-10-24 07:50:00','2024-10-24 17:03:00',N'Ðã Hoàn Thành',NULL),
	(2,'2024-10-24 07:50:00','2024-10-24 17:03:00',N'Ðã Hoàn Thành',NULL),
	(3,'2024-10-24 07:50:00','2024-10-24 17:03:00',N'Ðã Hoàn Thành',NULL),
	(4,'2024-10-24 07:50:00','2024-10-24 17:03:00',N'Ðã Hoàn Thành',NULL),
	(5,'2024-10-24 07:50:00','2024-10-24 17:03:00',N'Ðã Hoàn Thành',NULL),
	(6,'2024-10-24 07:50:00','2024-10-24 17:03:00',N'Ðã Hoàn Thành',NULL),
	(7,'2024-10-24 07:50:00','2024-10-24 17:03:00',N'Ðã Hoàn Thành',NULL),
	(8,'2024-10-24 07:50:00','2024-10-24 17:03:00',N'Ðã Hoàn Thành',NULL),
	(9,'2024-10-24 07:50:00','2024-10-24 17:03:00',N'Ðã Hoàn Thành',NULL),
	(10,'2024-10-24 07:50:00','2024-10-24 17:03:00',N'Ðã Hoàn Thành',NULL),
	(11,'2024-10-24 07:50:00','2024-10-24 17:03:00',N'Ðã Hoàn Thành',NULL),
	(12,'2024-10-24 07:50:00','2024-10-24 17:03:00',N'Ðã Hoàn Thành',NULL),
	(13,'2024-10-24 07:50:00','2024-10-24 17:03:00',N'Ðã Hoàn Thành',NULL),
	(14,'2024-10-24 07:50:00','2024-10-24 17:03:00',N'Ðã Hoàn Thành',NULL),
	(15,'2024-10-24 07:50:00','2024-10-24 17:03:00',N'Ðã Hoàn Thành',NULL),
	(16,'2024-10-24 07:50:00','2024-10-24 17:03:00',N'Ðã Hoàn Thành',NULL),
	(17,'2024-10-24 07:50:00','2024-10-24 17:03:00',N'Ðã Hoàn Thành',NULL),
	(18,'2024-10-24 07:50:00','2024-10-24 17:03:00',N'Ðã Hoàn Thành',NULL),
	(19,'2024-10-24 07:50:00','2024-10-24 17:03:00',N'Ðã Hoàn Thành',NULL),
	(20,'2024-10-24 07:50:00','2024-10-24 17:03:00',N'Ðã Hoàn Thành',NULL),
	(21,'2024-10-24 07:50:00','2024-10-24 17:03:00',N'Ðã Hoàn Thành',NULL),
	(22,'2024-10-24 07:50:00','2024-10-24 17:03:00',N'Ðã Hoàn Thành',NULL),
	(23,'2024-10-24 07:50:00','2024-10-24 17:03:00',N'Ðã Hoàn Thành',NULL),
	(24,'2024-10-24 07:50:00','2024-10-24 17:03:00',N'Ðã Hoàn Thành',NULL),
	(25,'2024-10-24 07:50:00','2024-10-24 17:03:00',N'Ðã Hoàn Thành',NULL),
	(26,'2024-10-24 07:50:00','2024-10-24 17:03:00',N'Ðã Hoàn Thành',NULL),
	(27,'2024-10-24 07:50:00','2024-10-24 17:03:00',N'Ðã Hoàn Thành',NULL),
	(28,'2024-10-24 07:50:00','2024-10-24 17:03:00',N'Ðã Hoàn Thành',NULL),
	(29,'2024-10-24 07:50:00','2024-10-24 17:03:00',N'Ðã Hoàn Thành',NULL),
	(30,'2024-10-24 07:50:00','2024-10-24 17:03:00',N'Ðã Hoàn Thành',NULL),
	(31,'2024-10-24 07:50:00','2024-10-24 17:03:00',N'Ðã Hoàn Thành',NULL),
	(32,'2024-10-24 07:50:00','2024-10-24 17:03:00',N'Ðã Hoàn Thành',NULL),
	(33,'2024-10-24 07:50:00','2024-10-24 17:03:00',N'Ðã Hoàn Thành',NULL),

	(1,'2024-10-23 07:50:00','2024-10-23 17:03:00',N'Ðã Hoàn Thành',NULL),
	(2,'2024-10-23 07:50:00','2024-10-23 17:03:00',N'Ðã Hoàn Thành',NULL),
	(3,'2024-10-23 07:50:00','2024-10-23 17:03:00',N'Ðã Hoàn Thành',NULL),
	(4,'2024-10-23 07:50:00','2024-10-23 17:03:00',N'Ðã Hoàn Thành',NULL),
	(5,'2024-10-23 07:50:00','2024-10-23 17:03:00',N'Ðã Hoàn Thành',NULL),
	(6,'2024-10-23 07:50:00','2024-10-23 17:03:00',N'Ðã Hoàn Thành',NULL),
	(7,'2024-10-23 07:50:00','2024-10-23 17:03:00',N'Ðã Hoàn Thành',NULL),
	(8,'2024-10-23 07:50:00','2024-10-23 17:03:00',N'Ðã Hoàn Thành',NULL),
	(9,'2024-10-23 07:50:00','2024-10-23 17:03:00',N'Ðã Hoàn Thành',NULL),
	(10,'2024-10-23 07:50:00','2024-10-23 17:03:00',N'Ðã Hoàn Thành',NULL),
	(11,'2024-10-23 07:50:00','2024-10-23 17:03:00',N'Ðã Hoàn Thành',NULL),
	(12,'2024-10-23 07:50:00','2024-10-23 17:03:00',N'Ðã Hoàn Thành',NULL),
	(13,'2024-10-23 07:50:00','2024-10-23 17:03:00',N'Ðã Hoàn Thành',NULL),
	(14,'2024-10-23 07:50:00','2024-10-23 17:03:00',N'Ðã Hoàn Thành',NULL),
	(15,'2024-10-23 07:50:00','2024-10-23 17:03:00',N'Ðã Hoàn Thành',NULL),
	(16,'2024-10-23 07:50:00','2024-10-23 17:03:00',N'Ðã Hoàn Thành',NULL),
	(17,'2024-10-23 07:50:00','2024-10-23 17:03:00',N'Ðã Hoàn Thành',NULL),
	(18,'2024-10-23 07:50:00','2024-10-23 17:03:00',N'Ðã Hoàn Thành',NULL),
	(19,'2024-10-23 07:50:00','2024-10-23 17:03:00',N'Ðã Hoàn Thành',NULL),
	(20,'2024-10-23 07:50:00','2024-10-23 17:03:00',N'Ðã Hoàn Thành',NULL),
	(21,'2024-10-23 07:50:00','2024-10-23 17:03:00',N'Ðã Hoàn Thành',NULL),
	(22,'2024-10-23 07:50:00','2024-10-23 17:03:00',N'Ðã Hoàn Thành',NULL),
	(23,'2024-10-23 07:50:00','2024-10-23 17:03:00',N'Ðã Hoàn Thành',NULL),
	(24,'2024-10-23 07:50:00','2024-10-23 17:03:00',N'Ðã Hoàn Thành',NULL),
	(25,'2024-10-23 07:50:00','2024-10-23 17:03:00',N'Ðã Hoàn Thành',NULL),
	(26,'2024-10-23 07:50:00','2024-10-23 17:03:00',N'Ðã Hoàn Thành',NULL),
	(27,'2024-10-23 07:50:00','2024-10-23 17:03:00',N'Ðã Hoàn Thành',NULL),
	(28,'2024-10-23 07:50:00','2024-10-23 17:03:00',N'Ðã Hoàn Thành',NULL),
	(29,'2024-10-23 07:50:00','2024-10-23 17:03:00',N'Ðã Hoàn Thành',NULL),
	(30,'2024-10-23 07:50:00','2024-10-23 17:03:00',N'Ðã Hoàn Thành',NULL),
	(31,'2024-10-23 07:50:00','2024-10-23 17:03:00',N'Ðã Hoàn Thành',NULL),
	(32,'2024-10-23 07:50:00','2024-10-23 17:03:00',N'Ðã Hoàn Thành',NULL),
	(33,'2024-10-23 07:50:00','2024-10-23 17:03:00',N'Ðã Hoàn Thành',NULL),

	(1,'2024-10-22 07:50:00','2024-10-22 17:03:00',N'Ðã Hoàn Thành',NULL),
	(2,'2024-10-22 07:50:00','2024-10-22 17:03:00',N'Ðã Hoàn Thành',NULL),
	(3,'2024-10-22 07:50:00','2024-10-22 17:03:00',N'Ðã Hoàn Thành',NULL),
	(4,'2024-10-22 07:50:00','2024-10-22 17:03:00',N'Ðã Hoàn Thành',NULL),
	(5,'2024-10-22 07:50:00','2024-10-22 17:03:00',N'Ðã Hoàn Thành',NULL),
	(6,'2024-10-22 07:50:00','2024-10-22 17:03:00',N'Ðã Hoàn Thành',NULL),
	(7,'2024-10-22 07:50:00','2024-10-22 17:03:00',N'Ðã Hoàn Thành',NULL),
	(8,'2024-10-22 07:50:00','2024-10-22 17:03:00',N'Ðã Hoàn Thành',NULL),
	(9,'2024-10-22 07:50:00','2024-10-22 17:03:00',N'Ðã Hoàn Thành',NULL),
	(10,'2024-10-22 07:50:00','2024-10-22 17:03:00',N'Ðã Hoàn Thành',NULL),
	(11,'2024-10-22 07:50:00','2024-10-22 17:03:00',N'Ðã Hoàn Thành',NULL),
	(12,'2024-10-22 07:50:00','2024-10-22 17:03:00',N'Ðã Hoàn Thành',NULL),
	(13,'2024-10-22 07:50:00','2024-10-22 17:03:00',N'Ðã Hoàn Thành',NULL),
	(14,'2024-10-22 07:50:00','2024-10-22 17:03:00',N'Ðã Hoàn Thành',NULL),
	(15,'2024-10-22 07:50:00','2024-10-22 17:03:00',N'Ðã Hoàn Thành',NULL),
	(16,'2024-10-22 07:50:00','2024-10-22 17:03:00',N'Ðã Hoàn Thành',NULL),
	(17,'2024-10-22 07:50:00','2024-10-22 17:03:00',N'Ðã Hoàn Thành',NULL),
	(18,'2024-10-22 07:50:00','2024-10-22 17:03:00',N'Ðã Hoàn Thành',NULL),
	(19,'2024-10-22 07:50:00','2024-10-22 17:03:00',N'Ðã Hoàn Thành',NULL),
	(20,'2024-10-22 07:50:00','2024-10-22 17:03:00',N'Ðã Hoàn Thành',NULL),
	(21,'2024-10-22 07:50:00','2024-10-22 17:03:00',N'Ðã Hoàn Thành',NULL),
	(22,'2024-10-22 07:50:00','2024-10-22 17:03:00',N'Ðã Hoàn Thành',NULL),
	(23,'2024-10-22 07:50:00','2024-10-22 17:03:00',N'Ðã Hoàn Thành',NULL),
	(24,'2024-10-22 07:50:00','2024-10-22 17:03:00',N'Ðã Hoàn Thành',NULL),
	(25,'2024-10-22 07:50:00','2024-10-22 17:03:00',N'Ðã Hoàn Thành',NULL),
	(26,'2024-10-22 07:50:00','2024-10-22 17:03:00',N'Ðã Hoàn Thành',NULL),
	(27,'2024-10-22 07:50:00','2024-10-22 17:03:00',N'Ðã Hoàn Thành',NULL),
	(28,'2024-10-22 07:50:00','2024-10-22 17:03:00',N'Ðã Hoàn Thành',NULL),
	(29,'2024-10-22 07:50:00','2024-10-22 17:03:00',N'Ðã Hoàn Thành',NULL),
	(30,'2024-10-22 07:50:00','2024-10-22 17:03:00',N'Ðã Hoàn Thành',NULL),
	(31,'2024-10-22 07:50:00','2024-10-22 17:03:00',N'Ðã Hoàn Thành',NULL),
	(32,'2024-10-22 07:50:00','2024-10-22 17:03:00',N'Ðã Hoàn Thành',NULL),
	(33,'2024-10-22 07:50:00','2024-10-22 17:03:00',N'Ðã Hoàn Thành',NULL),

	(1,'2024-10-21 07:50:00','2024-10-21 17:03:00',N'Ðã Hoàn Thành',NULL),
	(2,'2024-10-21 07:50:00','2024-10-21 17:03:00',N'Ðã Hoàn Thành',NULL),
	(3,'2024-10-21 07:50:00','2024-10-21 17:03:00',N'Ðã Hoàn Thành',NULL),
	(4,'2024-10-21 07:50:00','2024-10-21 17:03:00',N'Ðã Hoàn Thành',NULL),
	(5,'2024-10-21 07:50:00','2024-10-21 17:03:00',N'Ðã Hoàn Thành',NULL),
	(6,'2024-10-21 07:50:00','2024-10-21 17:03:00',N'Ðã Hoàn Thành',NULL),
	(7,'2024-10-21 07:50:00','2024-10-21 17:03:00',N'Ðã Hoàn Thành',NULL),
	(8,'2024-10-21 07:50:00','2024-10-21 17:03:00',N'Ðã Hoàn Thành',NULL),
	(9,'2024-10-21 07:50:00','2024-10-21 17:03:00',N'Ðã Hoàn Thành',NULL),
	(10,'2024-10-21 07:50:00','2024-10-21 17:03:00',N'Ðã Hoàn Thành',NULL),
	(11,'2024-10-21 07:50:00','2024-10-21 17:03:00',N'Ðã Hoàn Thành',NULL),
	(12,'2024-10-21 07:50:00','2024-10-21 17:03:00',N'Ðã Hoàn Thành',NULL),
	(13,'2024-10-21 07:50:00','2024-10-21 17:03:00',N'Ðã Hoàn Thành',NULL),
	(14,'2024-10-21 07:50:00','2024-10-21 17:03:00',N'Ðã Hoàn Thành',NULL),
	(15,'2024-10-21 07:50:00','2024-10-21 17:03:00',N'Ðã Hoàn Thành',NULL),
	(16,'2024-10-21 07:50:00','2024-10-21 17:03:00',N'Ðã Hoàn Thành',NULL),
	(17,'2024-10-21 07:50:00','2024-10-21 17:03:00',N'Ðã Hoàn Thành',NULL),
	(18,'2024-10-21 07:50:00','2024-10-21 17:03:00',N'Ðã Hoàn Thành',NULL),
	(19,'2024-10-21 07:50:00','2024-10-21 17:03:00',N'Ðã Hoàn Thành',NULL),
	(20,'2024-10-21 07:50:00','2024-10-21 17:03:00',N'Ðã Hoàn Thành',NULL),
	(21,'2024-10-21 07:50:00','2024-10-21 17:03:00',N'Ðã Hoàn Thành',NULL),
	(22,'2024-10-21 07:50:00','2024-10-21 17:03:00',N'Ðã Hoàn Thành',NULL),
	(23,'2024-10-21 07:50:00','2024-10-21 17:03:00',N'Ðã Hoàn Thành',NULL),
	(24,'2024-10-21 07:50:00','2024-10-21 17:03:00',N'Ðã Hoàn Thành',NULL),
	(25,'2024-10-21 07:50:00','2024-10-21 17:03:00',N'Ðã Hoàn Thành',NULL),
	(26,'2024-10-21 07:50:00','2024-10-21 17:03:00',N'Ðã Hoàn Thành',NULL),
	(27,'2024-10-21 07:50:00','2024-10-21 17:03:00',N'Ðã Hoàn Thành',NULL),
	(28,'2024-10-21 07:50:00','2024-10-21 17:03:00',N'Ðã Hoàn Thành',NULL),
	(29,'2024-10-21 07:50:00','2024-10-21 17:03:00',N'Ðã Hoàn Thành',NULL),
	(30,'2024-10-21 07:50:00','2024-10-21 17:03:00',N'Ðã Hoàn Thành',NULL),
	(31,'2024-10-21 07:50:00','2024-10-21 17:03:00',N'Ðã Hoàn Thành',NULL),
	(32,'2024-10-21 07:50:00','2024-10-21 17:03:00',N'Ðã Hoàn Thành',NULL),
	(33,'2024-10-21 07:50:00','2024-10-21 17:03:00',N'Ðã Hoàn Thành',NULL),

	(1,'2024-10-20 07:50:00','2024-10-20 17:03:00',N'Ðã Hoàn Thành',NULL),
	(2,'2024-10-20 07:50:00','2024-10-20 17:03:00',N'Ðã Hoàn Thành',NULL),
	(3,'2024-10-20 07:50:00','2024-10-20 17:03:00',N'Ðã Hoàn Thành',NULL),
	(4,'2024-10-20 07:50:00','2024-10-20 17:03:00',N'Ðã Hoàn Thành',NULL),
	(5,'2024-10-20 07:50:00','2024-10-20 17:03:00',N'Ðã Hoàn Thành',NULL),
	(6,'2024-10-20 07:50:00','2024-10-20 17:03:00',N'Ðã Hoàn Thành',NULL),
	(7,'2024-10-20 07:50:00','2024-10-20 17:03:00',N'Ðã Hoàn Thành',NULL),
	(8,'2024-10-20 07:50:00','2024-10-20 17:03:00',N'Ðã Hoàn Thành',NULL),
	(9,'2024-10-20 07:50:00','2024-10-20 17:03:00',N'Ðã Hoàn Thành',NULL),
	(10,'2024-10-20 07:50:00','2024-10-20 17:03:00',N'Ðã Hoàn Thành',NULL),
	(11,'2024-10-20 07:50:00','2024-10-20 17:03:00',N'Ðã Hoàn Thành',NULL),
	(12,'2024-10-20 07:50:00','2024-10-20 17:03:00',N'Ðã Hoàn Thành',NULL),
	(13,'2024-10-20 07:50:00','2024-10-20 17:03:00',N'Ðã Hoàn Thành',NULL),
	(14,'2024-10-20 07:50:00','2024-10-20 17:03:00',N'Ðã Hoàn Thành',NULL),
	(15,'2024-10-20 07:50:00','2024-10-20 17:03:00',N'Ðã Hoàn Thành',NULL),
	(16,'2024-10-20 07:50:00','2024-10-20 17:03:00',N'Ðã Hoàn Thành',NULL),
	(17,'2024-10-20 07:50:00','2024-10-20 17:03:00',N'Ðã Hoàn Thành',NULL),
	(18,'2024-10-20 07:50:00','2024-10-20 17:03:00',N'Ðã Hoàn Thành',NULL),
	(19,'2024-10-20 07:50:00','2024-10-20 17:03:00',N'Ðã Hoàn Thành',NULL),
	(20,'2024-10-20 07:50:00','2024-10-20 17:03:00',N'Ðã Hoàn Thành',NULL),
	(21,'2024-10-20 07:50:00','2024-10-20 17:03:00',N'Ðã Hoàn Thành',NULL),
	(22,'2024-10-20 07:50:00','2024-10-20 17:03:00',N'Ðã Hoàn Thành',NULL),
	(23,'2024-10-20 07:50:00','2024-10-20 17:03:00',N'Ðã Hoàn Thành',NULL),
	(24,'2024-10-20 07:50:00','2024-10-20 17:03:00',N'Ðã Hoàn Thành',NULL),
	(25,'2024-10-20 07:50:00','2024-10-20 17:03:00',N'Ðã Hoàn Thành',NULL),
	(26,'2024-10-20 07:50:00','2024-10-20 17:03:00',N'Ðã Hoàn Thành',NULL),
	(27,'2024-10-20 07:50:00','2024-10-20 17:03:00',N'Ðã Hoàn Thành',NULL),
	(28,'2024-10-20 07:50:00','2024-10-20 17:03:00',N'Ðã Hoàn Thành',NULL),
	(29,'2024-10-20 07:50:00','2024-10-20 17:03:00',N'Ðã Hoàn Thành',NULL),
	(30,'2024-10-20 07:50:00','2024-10-20 17:03:00',N'Ðã Hoàn Thành',NULL),
	(31,'2024-10-20 07:50:00','2024-10-20 17:03:00',N'Ðã Hoàn Thành',NULL),
	(32,'2024-10-20 07:50:00','2024-10-20 17:03:00',N'Ðã Hoàn Thành',NULL),
	(33,'2024-10-20 07:50:00','2024-10-20 17:03:00',N'Ðã Hoàn Thành',NULL),

	(1,'2024-10-19 07:50:00','2024-10-19 17:03:00',N'Ðã Hoàn Thành',NULL),
	(2,'2024-10-19 07:50:00','2024-10-19 17:03:00',N'Ðã Hoàn Thành',NULL),
	(3,'2024-10-19 07:50:00','2024-10-19 17:03:00',N'Ðã Hoàn Thành',NULL),
	(4,'2024-10-19 07:50:00','2024-10-19 17:03:00',N'Ðã Hoàn Thành',NULL),
	(5,'2024-10-19 07:50:00','2024-10-19 17:03:00',N'Ðã Hoàn Thành',NULL),
	(6,'2024-10-19 07:50:00','2024-10-19 17:03:00',N'Ðã Hoàn Thành',NULL),
	(7,'2024-10-19 07:50:00','2024-10-19 17:03:00',N'Ðã Hoàn Thành',NULL),
	(8,'2024-10-19 07:50:00','2024-10-19 17:03:00',N'Ðã Hoàn Thành',NULL),
	(9,'2024-10-19 07:50:00','2024-10-19 17:03:00',N'Ðã Hoàn Thành',NULL),
	(10,'2024-10-19 07:50:00','2024-10-19 17:03:00',N'Ðã Hoàn Thành',NULL),
	(11,'2024-10-19 07:50:00','2024-10-19 17:03:00',N'Ðã Hoàn Thành',NULL),
	(12,'2024-10-19 07:50:00','2024-10-19 17:03:00',N'Ðã Hoàn Thành',NULL),
	(13,'2024-10-19 07:50:00','2024-10-19 17:03:00',N'Ðã Hoàn Thành',NULL),
	(14,'2024-10-19 07:50:00','2024-10-19 17:03:00',N'Ðã Hoàn Thành',NULL),
	(15,'2024-10-19 07:50:00','2024-10-19 17:03:00',N'Ðã Hoàn Thành',NULL),
	(16,'2024-10-19 07:50:00','2024-10-19 17:03:00',N'Ðã Hoàn Thành',NULL),
	(17,'2024-10-19 07:50:00','2024-10-19 17:03:00',N'Ðã Hoàn Thành',NULL),
	(18,'2024-10-19 07:50:00','2024-10-19 17:03:00',N'Ðã Hoàn Thành',NULL),
	(19,'2024-10-19 07:50:00','2024-10-19 17:03:00',N'Ðã Hoàn Thành',NULL),
	(20,'2024-10-19 07:50:00','2024-10-19 17:03:00',N'Ðã Hoàn Thành',NULL),
	(21,'2024-10-19 07:50:00','2024-10-19 17:03:00',N'Ðã Hoàn Thành',NULL),
	(22,'2024-10-19 07:50:00','2024-10-19 17:03:00',N'Ðã Hoàn Thành',NULL),
	(23,'2024-10-19 07:50:00','2024-10-19 17:03:00',N'Ðã Hoàn Thành',NULL),
	(24,'2024-10-19 07:50:00','2024-10-19 17:03:00',N'Ðã Hoàn Thành',NULL),
	(25,'2024-10-19 07:50:00','2024-10-19 17:03:00',N'Ðã Hoàn Thành',NULL),
	(26,'2024-10-19 07:50:00','2024-10-19 17:03:00',N'Ðã Hoàn Thành',NULL),
	(27,'2024-10-19 07:50:00','2024-10-19 17:03:00',N'Ðã Hoàn Thành',NULL),
	(28,'2024-10-19 07:50:00','2024-10-19 17:03:00',N'Ðã Hoàn Thành',NULL),
	(29,'2024-10-19 07:50:00','2024-10-19 17:03:00',N'Ðã Hoàn Thành',NULL),
	(30,'2024-10-19 07:50:00','2024-10-19 17:03:00',N'Ðã Hoàn Thành',NULL),
	(31,'2024-10-19 07:50:00','2024-10-19 17:03:00',N'Ðã Hoàn Thành',NULL),
	(32,'2024-10-19 07:50:00','2024-10-19 17:03:00',N'Ðã Hoàn Thành',NULL),
	(33,'2024-10-19 07:50:00','2024-10-19 17:03:00',N'Ðã Hoàn Thành',NULL),

	(1,'2024-10-18 07:50:00','2024-10-18 17:03:00',N'Ðã Hoàn Thành',NULL),
	(2,'2024-10-18 07:50:00','2024-10-18 17:03:00',N'Ðã Hoàn Thành',NULL),
	(3,'2024-10-18 07:50:00','2024-10-18 17:03:00',N'Ðã Hoàn Thành',NULL),
	(4,'2024-10-18 07:50:00','2024-10-18 17:03:00',N'Ðã Hoàn Thành',NULL),
	(5,'2024-10-18 07:50:00','2024-10-18 17:03:00',N'Ðã Hoàn Thành',NULL),
	(6,'2024-10-18 07:50:00','2024-10-18 17:03:00',N'Ðã Hoàn Thành',NULL),
	(7,'2024-10-18 07:50:00','2024-10-18 17:03:00',N'Ðã Hoàn Thành',NULL),
	(8,'2024-10-18 07:50:00','2024-10-18 17:03:00',N'Ðã Hoàn Thành',NULL),
	(9,'2024-10-18 07:50:00','2024-10-18 17:03:00',N'Ðã Hoàn Thành',NULL),
	(10,'2024-10-18 07:50:00','2024-10-18 17:03:00',N'Ðã Hoàn Thành',NULL),
	(11,'2024-10-18 07:50:00','2024-10-18 17:03:00',N'Ðã Hoàn Thành',NULL),
	(12,'2024-10-18 07:50:00','2024-10-18 17:03:00',N'Ðã Hoàn Thành',NULL),
	(13,'2024-10-18 07:50:00','2024-10-18 17:03:00',N'Ðã Hoàn Thành',NULL),
	(14,'2024-10-18 07:50:00','2024-10-18 17:03:00',N'Ðã Hoàn Thành',NULL),
	(15,'2024-10-18 07:50:00','2024-10-18 17:03:00',N'Ðã Hoàn Thành',NULL),
	(16,'2024-10-18 07:50:00','2024-10-18 17:03:00',N'Ðã Hoàn Thành',NULL),
	(17,'2024-10-18 07:50:00','2024-10-18 17:03:00',N'Ðã Hoàn Thành',NULL),
	(18,'2024-10-18 07:50:00','2024-10-18 17:03:00',N'Ðã Hoàn Thành',NULL),
	(19,'2024-10-18 07:50:00','2024-10-18 17:03:00',N'Ðã Hoàn Thành',NULL),
	(20,'2024-10-18 07:50:00','2024-10-18 17:03:00',N'Ðã Hoàn Thành',NULL),
	(21,'2024-10-18 07:50:00','2024-10-18 17:03:00',N'Ðã Hoàn Thành',NULL),
	(22,'2024-10-18 07:50:00','2024-10-18 17:03:00',N'Ðã Hoàn Thành',NULL),
	(23,'2024-10-18 07:50:00','2024-10-18 17:03:00',N'Ðã Hoàn Thành',NULL),
	(24,'2024-10-18 07:50:00','2024-10-18 17:03:00',N'Ðã Hoàn Thành',NULL),
	(25,'2024-10-18 07:50:00','2024-10-18 17:03:00',N'Ðã Hoàn Thành',NULL),
	(26,'2024-10-18 07:50:00','2024-10-18 17:03:00',N'Ðã Hoàn Thành',NULL),
	(27,'2024-10-18 07:50:00','2024-10-18 17:03:00',N'Ðã Hoàn Thành',NULL),
	(28,'2024-10-18 07:50:00','2024-10-18 17:03:00',N'Ðã Hoàn Thành',NULL),
	(29,'2024-10-18 07:50:00','2024-10-18 17:03:00',N'Ðã Hoàn Thành',NULL),
	(30,'2024-10-18 07:50:00','2024-10-18 17:03:00',N'Ðã Hoàn Thành',NULL),
	(31,'2024-10-18 07:50:00','2024-10-18 17:03:00',N'Ðã Hoàn Thành',NULL),
	(32,'2024-10-18 07:50:00','2024-10-18 17:03:00',N'Ðã Hoàn Thành',NULL),
	(33,'2024-10-18 07:50:00','2024-10-18 17:03:00',N'Ðã Hoàn Thành',NULL),

	(1,'2024-10-17 07:50:00','2024-10-17 17:03:00',N'Ðã Hoàn Thành',NULL),
	(2,'2024-10-17 07:50:00','2024-10-17 17:03:00',N'Ðã Hoàn Thành',NULL),
	(3,'2024-10-17 07:50:00','2024-10-17 17:03:00',N'Ðã Hoàn Thành',NULL),
	(4,'2024-10-17 07:50:00','2024-10-17 17:03:00',N'Ðã Hoàn Thành',NULL),
	(5,'2024-10-17 07:50:00','2024-10-17 17:03:00',N'Ðã Hoàn Thành',NULL),
	(6,'2024-10-17 07:50:00','2024-10-17 17:03:00',N'Ðã Hoàn Thành',NULL),
	(7,'2024-10-17 07:50:00','2024-10-17 17:03:00',N'Ðã Hoàn Thành',NULL),
	(8,'2024-10-17 07:50:00','2024-10-17 17:03:00',N'Ðã Hoàn Thành',NULL),
	(9,'2024-10-17 07:50:00','2024-10-17 17:03:00',N'Ðã Hoàn Thành',NULL),
	(10,'2024-10-17 07:50:00','2024-10-17 17:03:00',N'Ðã Hoàn Thành',NULL),
	(11,'2024-10-17 07:50:00','2024-10-17 17:03:00',N'Ðã Hoàn Thành',NULL),
	(12,'2024-10-17 07:50:00','2024-10-17 17:03:00',N'Ðã Hoàn Thành',NULL),
	(13,'2024-10-17 07:50:00','2024-10-17 17:03:00',N'Ðã Hoàn Thành',NULL),
	(14,'2024-10-17 07:50:00','2024-10-17 17:03:00',N'Ðã Hoàn Thành',NULL),
	(15,'2024-10-17 07:50:00','2024-10-17 17:03:00',N'Ðã Hoàn Thành',NULL),
	(16,'2024-10-17 07:50:00','2024-10-17 17:03:00',N'Ðã Hoàn Thành',NULL),
	(17,'2024-10-17 07:50:00','2024-10-17 17:03:00',N'Ðã Hoàn Thành',NULL),
	(18,'2024-10-17 07:50:00','2024-10-17 17:03:00',N'Ðã Hoàn Thành',NULL),
	(19,'2024-10-17 07:50:00','2024-10-17 17:03:00',N'Ðã Hoàn Thành',NULL),
	(20,'2024-10-17 07:50:00','2024-10-17 17:03:00',N'Ðã Hoàn Thành',NULL),
	(21,'2024-10-17 07:50:00','2024-10-17 17:03:00',N'Ðã Hoàn Thành',NULL),
	(22,'2024-10-17 07:50:00','2024-10-17 17:03:00',N'Ðã Hoàn Thành',NULL),
	(23,'2024-10-17 07:50:00','2024-10-17 17:03:00',N'Ðã Hoàn Thành',NULL),
	(24,'2024-10-17 07:50:00','2024-10-17 17:03:00',N'Ðã Hoàn Thành',NULL),
	(25,'2024-10-17 07:50:00','2024-10-17 17:03:00',N'Ðã Hoàn Thành',NULL),
	(26,'2024-10-17 07:50:00','2024-10-17 17:03:00',N'Ðã Hoàn Thành',NULL),
	(27,'2024-10-17 07:50:00','2024-10-17 17:03:00',N'Ðã Hoàn Thành',NULL),
	(28,'2024-10-17 07:50:00','2024-10-17 17:03:00',N'Ðã Hoàn Thành',NULL),
	(29,'2024-10-17 07:50:00','2024-10-17 17:03:00',N'Ðã Hoàn Thành',NULL),
	(30,'2024-10-17 07:50:00','2024-10-17 17:03:00',N'Ðã Hoàn Thành',NULL),
	(31,'2024-10-17 07:50:00','2024-10-17 17:03:00',N'Ðã Hoàn Thành',NULL),
	(32,'2024-10-17 07:50:00','2024-10-17 17:03:00',N'Ðã Hoàn Thành',NULL),
	(33,'2024-10-17 07:50:00','2024-10-17 17:03:00',N'Ðã Hoàn Thành',NULL),

	(1,'2024-10-16 07:50:00','2024-10-16 17:03:00',N'Ðã Hoàn Thành',NULL),
	(2,'2024-10-16 07:50:00','2024-10-16 17:03:00',N'Ðã Hoàn Thành',NULL),
	(3,'2024-10-16 07:50:00','2024-10-16 17:03:00',N'Ðã Hoàn Thành',NULL),
	(4,'2024-10-16 07:50:00','2024-10-16 17:03:00',N'Ðã Hoàn Thành',NULL),
	(5,'2024-10-16 07:50:00','2024-10-16 17:03:00',N'Ðã Hoàn Thành',NULL),
	(6,'2024-10-16 07:50:00','2024-10-16 17:03:00',N'Ðã Hoàn Thành',NULL),
	(7,'2024-10-16 07:50:00','2024-10-16 17:03:00',N'Ðã Hoàn Thành',NULL),
	(8,'2024-10-16 07:50:00','2024-10-16 17:03:00',N'Ðã Hoàn Thành',NULL),
	(9,'2024-10-16 07:50:00','2024-10-16 17:03:00',N'Ðã Hoàn Thành',NULL),
	(10,'2024-10-16 07:50:00','2024-10-16 17:03:00',N'Ðã Hoàn Thành',NULL),
	(11,'2024-10-16 07:50:00','2024-10-16 17:03:00',N'Ðã Hoàn Thành',NULL),
	(12,'2024-10-16 07:50:00','2024-10-16 17:03:00',N'Ðã Hoàn Thành',NULL),
	(13,'2024-10-16 07:50:00','2024-10-16 17:03:00',N'Ðã Hoàn Thành',NULL),
	(14,'2024-10-16 07:50:00','2024-10-16 17:03:00',N'Ðã Hoàn Thành',NULL),
	(15,'2024-10-16 07:50:00','2024-10-16 17:03:00',N'Ðã Hoàn Thành',NULL),
	(16,'2024-10-16 07:50:00','2024-10-16 17:03:00',N'Ðã Hoàn Thành',NULL),
	(17,'2024-10-16 07:50:00','2024-10-16 17:03:00',N'Ðã Hoàn Thành',NULL),
	(18,'2024-10-16 07:50:00','2024-10-16 17:03:00',N'Ðã Hoàn Thành',NULL),
	(19,'2024-10-16 07:50:00','2024-10-16 17:03:00',N'Ðã Hoàn Thành',NULL),
	(20,'2024-10-16 07:50:00','2024-10-16 17:03:00',N'Ðã Hoàn Thành',NULL),
	(21,'2024-10-16 07:50:00','2024-10-16 17:03:00',N'Ðã Hoàn Thành',NULL),
	(22,'2024-10-16 07:50:00','2024-10-16 17:03:00',N'Ðã Hoàn Thành',NULL),
	(23,'2024-10-16 07:50:00','2024-10-16 17:03:00',N'Ðã Hoàn Thành',NULL),
	(24,'2024-10-16 07:50:00','2024-10-16 17:03:00',N'Ðã Hoàn Thành',NULL),
	(25,'2024-10-16 07:50:00','2024-10-16 17:03:00',N'Ðã Hoàn Thành',NULL),
	(26,'2024-10-16 07:50:00','2024-10-16 17:03:00',N'Ðã Hoàn Thành',NULL),
	(27,'2024-10-16 07:50:00','2024-10-16 17:03:00',N'Ðã Hoàn Thành',NULL),
	(28,'2024-10-16 07:50:00','2024-10-16 17:03:00',N'Ðã Hoàn Thành',NULL),
	(29,'2024-10-16 07:50:00','2024-10-16 17:03:00',N'Ðã Hoàn Thành',NULL),
	(30,'2024-10-16 07:50:00','2024-10-16 17:03:00',N'Ðã Hoàn Thành',NULL),
	(31,'2024-10-16 07:50:00','2024-10-16 17:03:00',N'Ðã Hoàn Thành',NULL),
	(32,'2024-10-16 07:50:00','2024-10-16 17:03:00',N'Ðã Hoàn Thành',NULL),
	(33,'2024-10-16 07:50:00','2024-10-16 17:03:00',N'Ðã Hoàn Thành',NULL),
	
    (1, '2024-10-15 08:00:00', '2024-10-15 17:00:00', N'Đã hoàn thành', NULL),
    (2, '2024-10-15 07:50:00', '2024-10-15 16:45:00',  N'Đã hoàn thành', NULL),
    (3, '2024-10-15 00:00:00', '2024-10-15 00:00:00', N'Nghỉ', N'Có phép'),
    (4, '2024-10-15 08:00:00', '2024-10-15 17:00:00', N'Đã hoàn thành', NULL),
    (5, '2024-10-15 08:10:00', '2024-10-15 16:50:00', N'Vào trễ', NULL),
	(6, '2024-10-15 08:00:00', '2024-10-15 17:00:00', N'Đã hoàn thành', NULL),
    (7, '2024-10-15 08:10:00', '2024-10-15 16:45:00', N'Vào trễ', NULL),
    (8, '2024-10-15 08:05:00', '2024-10-15 17:30:00', N'Tăng ca', NULL),
    (9, '2024-10-15 08:00:00', '2024-10-15 17:00:00', N'Đã hoàn thành', NULL),
    (10, '2024-10-15 08:10:00', '2024-10-15 16:50:00', N'Vào trễ', NULL),
	(11, '2024-10-15 08:00:00', '2024-10-15 17:00:00', N'Đã hoàn thành', NULL),
	(12, '2024-10-15 08:00:00', '2024-10-15 17:00:00', N'Đã hoàn thành', NULL),
	(13, '2024-10-15 08:00:00', '2024-10-15 17:00:00', N'Đã hoàn thành', NULL),
	(14, '2024-10-15 08:00:00', '2024-10-15 17:00:00', N'Đã hoàn thành', NULL),
	(15, '2024-10-15 08:00:00', '2024-10-15 17:00:00', N'Đã hoàn thành', NULL),
	(16, '2024-10-15 08:00:00', '2024-10-15 17:00:00', N'Đã hoàn thành', NULL),
	(17, '2024-10-15 08:00:00', '2024-10-15 17:00:00', N'Đã hoàn thành', NULL),
	(18, '2024-10-15 08:00:00', '2024-10-15 17:00:00', N'Đã hoàn thành', NULL),
	(19, '2024-10-15 08:00:00', '2024-10-15 17:00:00', N'Đã hoàn thành', NULL),
	(20, '2024-10-15 08:00:00', '2024-10-15 17:00:00', N'Đã hoàn thành', NULL),
	(21, '2024-10-15 08:00:00', '2024-10-15 17:00:00', N'Đã hoàn thành', NULL),
	(22, '2024-10-15 08:00:00', '2024-10-15 17:00:00', N'Đã hoàn thành', NULL),
	(23, '2024-10-15 08:00:00', '2024-10-15 17:00:00', N'Đã hoàn thành', NULL),
	(24, '2024-10-15 08:00:00', '2024-10-15 17:00:00', N'Đã hoàn thành', NULL),
	(25, '2024-10-15 08:00:00', '2024-10-15 17:00:00', N'Đã hoàn thành', NULL),
	(26, '2024-10-15 08:00:00', '2024-10-15 17:00:00', N'Đã hoàn thành', NULL),
	(27, '2024-10-15 08:00:00', '2024-10-15 17:00:00', N'Đã hoàn thành', NULL),
	(28, '2024-10-15 08:00:00', '2024-10-15 17:00:00', N'Đã hoàn thành', NULL),
	(29, '2024-10-15 08:00:00', '2024-10-15 17:00:00', N'Đã hoàn thành', NULL),
	(30, '2024-10-15 08:00:00', '2024-10-15 17:00:00', N'Đã hoàn thành', NULL),
	(31, '2024-10-15 08:00:00', '2024-10-15 17:00:00', N'Đã hoàn thành', NULL),
	(32, '2024-10-15 08:00:00', '2024-10-15 17:00:00', N'Đã hoàn thành', NULL),
	(33, '2024-10-15 08:00:00', '2024-10-15 17:00:00', N'Đã hoàn thành', NULL),

	(1, '2024-10-14 08:00:00', '2024-10-14 17:00:00', N'Đã hoàn thành', NULL),
    (2, '2024-10-14 07:50:00', '2024-10-14 16:45:00',  N'Đã hoàn thành', NULL),
    (3, '2024-10-14 08:05:00', '2024-10-14 17:01:00', N'Đã hoàn thành', NULL),
    (4, '2024-10-14 08:00:00', '2024-10-14 17:00:00', N'Đã hoàn thành', NULL),
    (5, '2024-10-14 08:10:00', '2024-10-14 16:50:00', N'Vào trễ', NULL),
	(6, '2024-10-14 08:00:00', '2024-10-14 17:00:00', N'Đã hoàn thành', NULL),
    (7, '2024-10-14 08:10:00', '2024-10-14 16:45:00', N'Vào trễ', NULL),
    (8, '2024-10-14 08:05:00', '2024-10-14 17:30:00', N'Tăng ca', NULL),
    (9, '2024-10-14 08:00:00', '2024-10-14 17:00:00', N'Đã hoàn thành', NULL),
    (10, '2024-10-14 08:10:00', '2024-10-14 16:50:00', N'Vào trễ', NULL),
	(11, '2024-10-14 00:00:00', '2024-10-14 00:00:00', N'Nghỉ', 'Không phép'),
	(12, '2024-10-14 08:00:00', '2024-10-14 17:00:00', N'Đã hoàn thành', NULL),
	(13, '2024-10-14 08:00:00', '2024-10-14 17:00:00', N'Đã hoàn thành', NULL),
	(14, '2024-10-14 08:00:00', '2024-10-14 17:00:00', N'Đã hoàn thành', NULL),
	(15, '2024-10-14 08:00:00', '2024-10-14 17:00:00', N'Đã hoàn thành', NULL),
	(16, '2024-10-14 08:00:00', '2024-10-14 17:00:00', N'Đã hoàn thành', NULL),
	(17, '2024-10-14 08:00:00', '2024-10-14 17:00:00', N'Đã hoàn thành', NULL),
	(18, '2024-10-14 08:00:00', '2024-10-14 17:00:00', N'Đã hoàn thành', NULL),
	(19, '2024-10-14 08:00:00', '2024-10-14 17:00:00', N'Đã hoàn thành', NULL),
	(20, '2024-10-14 08:00:00', '2024-10-14 17:00:00', N'Đã hoàn thành', NULL),
	(21, '2024-10-14 08:00:00', '2024-10-14 17:00:00', N'Đã hoàn thành', NULL),
	(22, '2024-10-14 08:00:00', '2024-10-14 17:00:00', N'Đã hoàn thành', NULL),
	(23, '2024-10-14 08:00:00', '2024-10-14 17:00:00', N'Đã hoàn thành', NULL),
	(24, '2024-10-14 08:00:00', '2024-10-14 17:00:00', N'Đã hoàn thành', NULL),
	(25, '2024-10-14 08:00:00', '2024-10-14 17:00:00', N'Đã hoàn thành', NULL),
	(26, '2024-10-14 08:00:00', '2024-10-14 17:00:00', N'Đã hoàn thành', NULL),
	(27, '2024-10-14 08:00:00', '2024-10-14 17:00:00', N'Đã hoàn thành', NULL),
	(28, '2024-10-14 08:00:00', '2024-10-14 17:00:00', N'Đã hoàn thành', NULL),
	(29, '2024-10-14 08:00:00', '2024-10-14 17:00:00', N'Đã hoàn thành', NULL),
	(30, '2024-10-14 08:00:00', '2024-10-14 17:00:00', N'Đã hoàn thành', NULL),
	(31, '2024-10-14 08:00:00', '2024-10-14 17:00:00', N'Đã hoàn thành', NULL),
	(32, '2024-10-14 08:00:00', '2024-10-14 17:00:00', N'Đã hoàn thành', NULL),
	(33, '2024-10-14 08:00:00', '2024-10-14 17:00:00', N'Đã hoàn thành', NULL),

	(1, '2024-10-13 08:00:00', '2024-10-13 17:00:00', N'Đã hoàn thành', NULL),
    (2, '2024-10-13 07:50:00', '2024-10-13 16:45:00',  N'Đã hoàn thành', NULL),
    (3, '2024-10-13 08:05:00', '2024-10-13 17:01:00', N'Đã hoàn thành', NULL),
    (4, '2024-10-13 08:00:00', '2024-10-13 17:00:00', N'Đã hoàn thành', NULL),
    (5, '2024-10-13 08:10:00', '2024-10-13 16:50:00', N'Vào trễ', NULL),
	(6, '2024-10-13 08:00:00', '2024-10-13 17:00:00', N'Đã hoàn thành', NULL),
    (7, '2024-10-13 08:10:00', '2024-10-13 16:45:00', N'Vào trễ', NULL),
    (8, '2024-10-13 08:05:00', '2024-10-13 17:30:00', N'Tăng ca', NULL),
    (9, '2024-10-13 08:00:00', '2024-10-13 17:00:00', N'Đã hoàn thành', NULL),
    (10, '2024-10-13 08:10:00', '2024-10-13 16:50:00', N'Vào trễ', NULL),
	(11, '2024-10-13 08:00:00', '2024-10-13 17:00:00', N'Đã hoàn thành', NULL),
	(12, '2024-10-13 08:00:00', '2024-10-13 17:00:00', N'Đã hoàn thành', NULL),
	(13, '2024-10-13 08:00:00', '2024-10-13 17:00:00', N'Đã hoàn thành', NULL),
	(14, '2024-10-13 08:00:00', '2024-10-13 17:00:00', N'Đã hoàn thành', NULL),
	(15, '2024-10-13 08:00:00', '2024-10-13 17:00:00', N'Đã hoàn thành', NULL),
	(16, '2024-10-13 08:00:00', '2024-10-13 17:00:00', N'Đã hoàn thành', NULL),
	(17, '2024-10-13 08:00:00', '2024-10-13 17:00:00', N'Đã hoàn thành', NULL),
	(18, '2024-10-13 08:00:00', '2024-10-13 17:00:00', N'Đã hoàn thành', NULL),
	(19, '2024-10-13 08:00:00', '2024-10-13 17:00:00', N'Đã hoàn thành', NULL),
	(20, '2024-10-13 08:00:00', '2024-10-13 17:00:00', N'Đã hoàn thành', NULL),
	(21, '2024-10-13 08:00:00', '2024-10-13 17:00:00', N'Đã hoàn thành', NULL),
	(22, '2024-10-13 08:00:00', '2024-10-13 17:00:00', N'Đã hoàn thành', NULL),
	(23, '2024-10-13 08:00:00', '2024-10-13 17:00:00', N'Đã hoàn thành', NULL),
	(24, '2024-10-13 08:00:00', '2024-10-13 17:00:00', N'Đã hoàn thành', NULL),
	(25, '2024-10-13 08:00:00', '2024-10-13 17:00:00', N'Đã hoàn thành', NULL),
	(26, '2024-10-13 08:00:00', '2024-10-13 17:00:00', N'Đã hoàn thành', NULL),
	(27, '2024-10-13 08:00:00', '2024-10-13 17:00:00', N'Đã hoàn thành', NULL),
	(28, '2024-10-13 08:00:00', '2024-10-13 17:00:00', N'Đã hoàn thành', NULL),
	(29, '2024-10-13 08:00:00', '2024-10-13 17:00:00', N'Đã hoàn thành', NULL),
	(30, '2024-10-13 08:00:00', '2024-10-13 17:00:00', N'Đã hoàn thành', NULL),
	(31, '2024-10-13 08:00:00', '2024-10-13 17:00:00', N'Đã hoàn thành', NULL),
	(32, '2024-10-13 08:00:00', '2024-10-13 17:00:00', N'Đã hoàn thành', NULL),
	(33, '2024-10-13 08:00:00', '2024-10-13 17:00:00', N'Đã hoàn thành', NULL),

	(1, '2024-10-12 08:00:00', '2024-10-12 17:00:00', N'Đã hoàn thành', NULL),
    (2, '2024-10-12 07:50:00', '2024-10-12 16:45:00',  N'Đã hoàn thành', NULL),
    (3, '2024-10-12 08:05:00', '2024-10-12 17:01:00', N'Đã hoàn thành', NULL),
    (4, '2024-10-12 08:00:00', '2024-10-12 17:00:00', N'Đã hoàn thành', NULL),
    (5, '2024-10-12 08:10:00', '2024-10-12 16:50:00', N'Vào trễ', NULL),
	(6, '2024-10-12 08:00:00', '2024-10-12 17:00:00', N'Đã hoàn thành', NULL),
    (7, '2024-10-12 08:10:00', '2024-10-12 16:45:00', N'Vào trễ', NULL),
    (8, '2024-10-12 08:05:00', '2024-10-12 17:30:00', N'Tăng ca', NULL),
    (9, '2024-10-12 08:00:00', '2024-10-12 17:00:00', N'Đã hoàn thành', NULL),
    (10, '2024-10-12 08:10:00', '2024-10-12 16:50:00', N'Vào trễ', NULL),
	(11, '2024-10-12 08:00:00', '2024-10-12 17:00:00', N'Đã hoàn thành', NULL),
	(12, '2024-10-12 08:00:00', '2024-10-12 17:00:00', N'Đã hoàn thành', NULL),
	(13, '2024-10-12 08:00:00', '2024-10-12 17:00:00', N'Đã hoàn thành', NULL),
	(14, '2024-10-12 08:00:00', '2024-10-12 17:00:00', N'Đã hoàn thành', NULL),
	(15, '2024-10-12 08:00:00', '2024-10-12 17:00:00', N'Đã hoàn thành', NULL),
	(16, '2024-10-12 08:00:00', '2024-10-12 17:00:00', N'Đã hoàn thành', NULL),
	(17, '2024-10-12 08:00:00', '2024-10-12 17:00:00', N'Đã hoàn thành', NULL),
	(18, '2024-10-12 08:00:00', '2024-10-12 17:00:00', N'Đã hoàn thành', NULL),
	(19, '2024-10-12 08:00:00', '2024-10-12 17:00:00', N'Đã hoàn thành', NULL),
	(20, '2024-10-12 08:00:00', '2024-10-12 17:00:00', N'Đã hoàn thành', NULL),
	(21, '2024-10-12 08:00:00', '2024-10-12 17:00:00', N'Đã hoàn thành', NULL),
	(22, '2024-10-12 08:00:00', '2024-10-12 17:00:00', N'Đã hoàn thành', NULL),
	(23, '2024-10-12 08:00:00', '2024-10-12 17:00:00', N'Đã hoàn thành', NULL),
	(24, '2024-10-12 08:00:00', '2024-10-12 17:00:00', N'Đã hoàn thành', NULL),
	(25, '2024-10-12 08:00:00', '2024-10-12 17:00:00', N'Đã hoàn thành', NULL),
	(26, '2024-10-12 08:00:00', '2024-10-12 17:00:00', N'Đã hoàn thành', NULL),
	(27, '2024-10-12 08:00:00', '2024-10-12 17:00:00', N'Đã hoàn thành', NULL),
	(28, '2024-10-12 08:00:00', '2024-10-12 17:00:00', N'Đã hoàn thành', NULL),
	(29, '2024-10-12 08:00:00', '2024-10-12 17:00:00', N'Đã hoàn thành', NULL),
	(30, '2024-10-12 08:00:00', '2024-10-12 17:00:00', N'Đã hoàn thành', NULL),
	(31, '2024-10-12 08:00:00', '2024-10-12 17:00:00', N'Đã hoàn thành', NULL),
	(32, '2024-10-12 08:00:00', '2024-10-12 17:00:00', N'Đã hoàn thành', NULL),
	(33, '2024-10-12 08:00:00', '2024-10-12 17:00:00', N'Đã hoàn thành', NULL),

	(1, '2024-10-11 08:00:00', '2024-10-11 17:00:00', N'Đã hoàn thành', NULL),
    (2, '2024-10-11 07:50:00', '2024-10-11 16:45:00',  N'Đã hoàn thành', NULL),
    (3, '2024-10-11 08:05:00', '2024-10-11 17:01:00', N'Đã hoàn thành', NULL),
    (4, '2024-10-11 08:00:00', '2024-10-11 17:00:00', N'Đã hoàn thành', NULL),
    (5, '2024-10-11 08:10:00', '2024-10-11 16:50:00', N'Vào trễ', NULL),
	(6, '2024-10-11 08:00:00', '2024-10-11 17:00:00', N'Đã hoàn thành', NULL),
    (7, '2024-10-11 08:10:00', '2024-10-11 16:45:00', N'Vào trễ', NULL),
    (8, '2024-10-11 08:05:00', '2024-10-11 17:30:00', N'Tăng ca', NULL),
    (9, '2024-10-11 08:00:00', '2024-10-11 17:00:00', N'Đã hoàn thành', NULL),
    (10, '2024-10-11 08:10:00', '2024-10-11 16:50:00', N'Vào trễ', NULL),
	(11, '2024-10-11 08:00:00', '2024-10-11 17:00:00', N'Đã hoàn thành', NULL),
	(12, '2024-10-11 08:00:00', '2024-10-11 17:00:00', N'Đã hoàn thành', NULL),
	(13, '2024-10-11 08:00:00', '2024-10-11 17:00:00', N'Đã hoàn thành', NULL),
	(14, '2024-10-11 08:00:00', '2024-10-11 17:00:00', N'Đã hoàn thành', NULL),
	(15, '2024-10-11 08:00:00', '2024-10-11 17:00:00', N'Đã hoàn thành', NULL),
	(16, '2024-10-11 08:00:00', '2024-10-11 17:00:00', N'Đã hoàn thành', NULL),
	(17, '2024-10-11 08:00:00', '2024-10-11 17:00:00', N'Đã hoàn thành', NULL),
	(18, '2024-10-11 08:00:00', '2024-10-11 17:00:00', N'Đã hoàn thành', NULL),
	(19, '2024-10-11 08:00:00', '2024-10-11 17:00:00', N'Đã hoàn thành', NULL),
	(20, '2024-10-11 08:00:00', '2024-10-11 17:00:00', N'Đã hoàn thành', NULL),
	(21, '2024-10-11 08:00:00', '2024-10-11 17:00:00', N'Đã hoàn thành', NULL),
	(22, '2024-10-11 08:00:00', '2024-10-11 17:00:00', N'Đã hoàn thành', NULL),
	(23, '2024-10-11 08:00:00', '2024-10-11 17:00:00', N'Đã hoàn thành', NULL),
	(24, '2024-10-11 08:00:00', '2024-10-11 17:00:00', N'Đã hoàn thành', NULL),
	(25, '2024-10-11 08:00:00', '2024-10-11 17:00:00', N'Đã hoàn thành', NULL),
	(26, '2024-10-11 08:00:00', '2024-10-11 17:00:00', N'Đã hoàn thành', NULL),
	(27, '2024-10-11 08:00:00', '2024-10-11 17:00:00', N'Đã hoàn thành', NULL),
	(28, '2024-10-11 08:00:00', '2024-10-11 17:00:00', N'Đã hoàn thành', NULL),
	(29, '2024-10-11 08:00:00', '2024-10-11 17:00:00', N'Đã hoàn thành', NULL),
	(30, '2024-10-11 08:00:00', '2024-10-11 17:00:00', N'Đã hoàn thành', NULL),
	(31, '2024-10-11 08:00:00', '2024-10-11 17:00:00', N'Đã hoàn thành', NULL),
	(32, '2024-10-11 08:00:00', '2024-10-11 17:00:00', N'Đã hoàn thành', NULL),
	(33, '2024-10-11 08:00:00', '2024-10-11 17:00:00', N'Đã hoàn thành', NULL),

	(1, '2024-10-10 08:00:00', '2024-10-10 17:00:00', N'Đã hoàn thành', NULL),
    (2, '2024-10-10 07:50:00', '2024-10-10 16:45:00',  N'Đã hoàn thành', NULL),
    (3, '2024-10-10 08:05:00', '2024-10-10 17:01:00', N'Đã hoàn thành', NULL),
    (4, '2024-10-10 08:00:00', '2024-10-10 17:00:00', N'Đã hoàn thành', NULL),
    (5, '2024-10-10 08:10:00', '2024-10-10 16:50:00', N'Vào trễ', NULL),
	(6, '2024-10-10 08:00:00', '2024-10-10 17:00:00', N'Đã hoàn thành', NULL),
    (7, '2024-10-10 08:10:00', '2024-10-10 16:45:00', N'Vào trễ', NULL),
    (8, '2024-10-10 08:05:00', '2024-10-10 17:30:00', N'Tăng ca', NULL),
    (9, '2024-10-10 08:00:00', '2024-10-10 17:00:00', N'Đã hoàn thành', NULL),
    (10, '2024-10-10 08:10:00', '2024-10-10 16:50:00', N'Vào trễ', NULL),
	(11, '2024-10-10 08:00:00', '2024-10-10 17:00:00', N'Đã hoàn thành', NULL),
	(12, '2024-10-10 08:00:00', '2024-10-10 17:00:00', N'Đã hoàn thành', NULL),
	(13, '2024-10-10 08:00:00', '2024-10-10 17:00:00', N'Đã hoàn thành', NULL),
	(14, '2024-10-10 08:00:00', '2024-10-10 17:00:00', N'Đã hoàn thành', NULL),
	(15, '2024-10-10 08:00:00', '2024-10-10 17:00:00', N'Đã hoàn thành', NULL),
	(16, '2024-10-10 08:00:00', '2024-10-10 17:00:00', N'Đã hoàn thành', NULL),
	(17, '2024-10-10 08:00:00', '2024-10-10 17:00:00', N'Đã hoàn thành', NULL),
	(18, '2024-10-10 08:00:00', '2024-10-10 17:00:00', N'Đã hoàn thành', NULL),
	(19, '2024-10-10 08:00:00', '2024-10-10 17:00:00', N'Đã hoàn thành', NULL),
	(20, '2024-10-10 08:00:00', '2024-10-10 17:00:00', N'Đã hoàn thành', NULL),
	(21, '2024-10-10 08:00:00', '2024-10-10 17:00:00', N'Đã hoàn thành', NULL),
	(22, '2024-10-10 08:00:00', '2024-10-10 17:00:00', N'Đã hoàn thành', NULL),
	(23, '2024-10-10 08:00:00', '2024-10-10 17:00:00', N'Đã hoàn thành', NULL),
	(24, '2024-10-10 08:00:00', '2024-10-10 17:00:00', N'Đã hoàn thành', NULL),
	(25, '2024-10-10 08:00:00', '2024-10-10 17:00:00', N'Đã hoàn thành', NULL),
	(26, '2024-10-10 08:00:00', '2024-10-10 17:00:00', N'Đã hoàn thành', NULL),
	(27, '2024-10-10 08:00:00', '2024-10-10 17:00:00', N'Đã hoàn thành', NULL),
	(28, '2024-10-10 08:00:00', '2024-10-10 17:00:00', N'Đã hoàn thành', NULL),
	(29, '2024-10-10 08:00:00', '2024-10-10 17:00:00', N'Đã hoàn thành', NULL),
	(30, '2024-10-10 08:00:00', '2024-10-10 17:00:00', N'Đã hoàn thành', NULL),
	(31, '2024-10-10 08:00:00', '2024-10-10 17:00:00', N'Đã hoàn thành', NULL),
	(32, '2024-10-10 08:00:00', '2024-10-10 17:00:00', N'Đã hoàn thành', NULL),
	(33, '2024-10-10 08:00:00', '2024-10-10 17:00:00', N'Đã hoàn thành', NULL),

	(1, '2024-10-09 08:00:00', '2024-10-09 17:00:00', N'Đã hoàn thành', NULL),
    (2, '2024-10-09 07:50:00', '2024-10-09 16:45:00',  N'Đã hoàn thành', NULL),
    (3, '2024-10-09 08:05:00', '2024-10-09 17:01:00', N'Đã hoàn thành', NULL),
    (4, '2024-10-09 08:00:00', '2024-10-09 17:00:00', N'Đã hoàn thành', NULL),
    (5, '2024-10-09 08:10:00', '2024-10-09 16:50:00', N'Vào trễ', NULL),
	(6, '2024-10-09 08:00:00', '2024-10-09 17:00:00', N'Đã hoàn thành', NULL),
    (7, '2024-10-09 08:10:00', '2024-10-09 16:45:00', N'Vào trễ', NULL),
    (8, '2024-10-09 08:05:00', '2024-10-09 17:30:00', N'Tăng ca', NULL),
    (9, '2024-10-09 08:00:00', '2024-10-09 17:00:00', N'Đã hoàn thành', NULL),
    (10, '2024-10-09 08:10:00', '2024-10-09 16:50:00', N'Vào trễ', NULL),
	(11, '2024-10-09 08:00:00', '2024-10-09 17:00:00', N'Đã hoàn thành', NULL),
	(12, '2024-10-09 08:00:00', '2024-10-09 17:00:00', N'Đã hoàn thành', NULL),
	(13, '2024-10-09 08:00:00', '2024-10-09 17:00:00', N'Đã hoàn thành', NULL),
	(14, '2024-10-09 08:00:00', '2024-10-09 17:00:00', N'Đã hoàn thành', NULL),
	(15, '2024-10-09 08:00:00', '2024-10-09 17:00:00', N'Đã hoàn thành', NULL),
	(16, '2024-10-09 08:00:00', '2024-10-09 17:00:00', N'Đã hoàn thành', NULL),
	(17, '2024-10-09 08:00:00', '2024-10-09 17:00:00', N'Đã hoàn thành', NULL),
	(18, '2024-10-09 08:00:00', '2024-10-09 17:00:00', N'Đã hoàn thành', NULL),
	(19, '2024-10-09 08:00:00', '2024-10-09 17:00:00', N'Đã hoàn thành', NULL),
	(20, '2024-10-09 08:00:00', '2024-10-09 17:00:00', N'Đã hoàn thành', NULL),
	(21, '2024-10-09 08:00:00', '2024-10-09 17:00:00', N'Đã hoàn thành', NULL),
	(22, '2024-10-09 08:00:00', '2024-10-09 17:00:00', N'Đã hoàn thành', NULL),
	(23, '2024-10-09 08:00:00', '2024-10-09 17:00:00', N'Đã hoàn thành', NULL),
	(24, '2024-10-09 08:00:00', '2024-10-09 17:00:00', N'Đã hoàn thành', NULL),
	(25, '2024-10-09 08:00:00', '2024-10-09 17:00:00', N'Đã hoàn thành', NULL),
	(26, '2024-10-09 08:00:00', '2024-10-09 17:00:00', N'Đã hoàn thành', NULL),
	(27, '2024-10-09 08:00:00', '2024-10-09 17:00:00', N'Đã hoàn thành', NULL),
	(28, '2024-10-09 08:00:00', '2024-10-09 17:00:00', N'Đã hoàn thành', NULL),
	(29, '2024-10-09 08:00:00', '2024-10-09 17:00:00', N'Đã hoàn thành', NULL),
	(30, '2024-10-09 08:00:00', '2024-10-09 17:00:00', N'Đã hoàn thành', NULL),
	(31, '2024-10-09 08:00:00', '2024-10-09 17:00:00', N'Đã hoàn thành', NULL),
	(32, '2024-10-09 08:00:00', '2024-10-09 17:00:00', N'Đã hoàn thành', NULL),
	(33, '2024-10-09 08:00:00', '2024-10-09 17:00:00', N'Đã hoàn thành', NULL),



	(1,'2024-10-08 07:50:00','2024-10-08 17:03:00',N'Ðã Hoàn Thành',NULL),
	(2,'2024-10-08 07:50:00','2024-10-08 17:03:00',N'Ðã Hoàn Thành',NULL),
	(3,'2024-10-08 07:50:00','2024-10-08 17:03:00',N'Ðã Hoàn Thành',NULL),
	(4,'2024-10-08 07:50:00','2024-10-08 17:03:00',N'Ðã Hoàn Thành',NULL),
	(5,'2024-10-08 07:50:00','2024-10-08 17:03:00',N'Ðã Hoàn Thành',NULL),
	(6,'2024-10-08 07:50:00','2024-10-08 17:03:00',N'Ðã Hoàn Thành',NULL),
	(7,'2024-10-08 07:50:00','2024-10-08 17:03:00',N'Ðã Hoàn Thành',NULL),
	(8,'2024-10-08 07:50:00','2024-10-08 17:03:00',N'Ðã Hoàn Thành',NULL),
	(9,'2024-10-08 07:50:00','2024-10-08 17:03:00',N'Ðã Hoàn Thành',NULL),
	(10,'2024-10-08 07:50:00','2024-10-08 17:03:00',N'Ðã Hoàn Thành',NULL),
	(11,'2024-10-08 07:50:00','2024-10-08 17:03:00',N'Ðã Hoàn Thành',NULL),
	(12,'2024-10-08 07:50:00','2024-10-08 17:03:00',N'Ðã Hoàn Thành',NULL),
	(13,'2024-10-08 07:50:00','2024-10-08 17:03:00',N'Ðã Hoàn Thành',NULL),
	(14,'2024-10-08 07:50:00','2024-10-08 17:03:00',N'Ðã Hoàn Thành',NULL),
	(15,'2024-10-08 07:50:00','2024-10-08 17:03:00',N'Ðã Hoàn Thành',NULL),
	(16,'2024-10-08 07:50:00','2024-10-08 17:03:00',N'Ðã Hoàn Thành',NULL),
	(17,'2024-10-08 07:50:00','2024-10-08 17:03:00',N'Ðã Hoàn Thành',NULL),
	(18,'2024-10-08 07:50:00','2024-10-08 17:03:00',N'Ðã Hoàn Thành',NULL),
	(19,'2024-10-08 07:50:00','2024-10-08 17:03:00',N'Ðã Hoàn Thành',NULL),
	(20,'2024-10-08 07:50:00','2024-10-08 17:03:00',N'Ðã Hoàn Thành',NULL),
	(21,'2024-10-08 07:50:00','2024-10-08 17:03:00',N'Ðã Hoàn Thành',NULL),
	(22,'2024-10-08 07:50:00','2024-10-08 17:03:00',N'Ðã Hoàn Thành',NULL),
	(23,'2024-10-08 07:50:00','2024-10-08 17:03:00',N'Ðã Hoàn Thành',NULL),
	(24,'2024-10-08 07:50:00','2024-10-08 17:03:00',N'Ðã Hoàn Thành',NULL),
	(25,'2024-10-08 07:50:00','2024-10-08 17:03:00',N'Ðã Hoàn Thành',NULL),
	(26,'2024-10-08 07:50:00','2024-10-08 17:03:00',N'Ðã Hoàn Thành',NULL),
	(27,'2024-10-08 07:50:00','2024-10-08 17:03:00',N'Ðã Hoàn Thành',NULL),
	(28,'2024-10-08 07:50:00','2024-10-08 17:03:00',N'Ðã Hoàn Thành',NULL),
	(29,'2024-10-08 07:50:00','2024-10-08 17:03:00',N'Ðã Hoàn Thành',NULL),
	(30,'2024-10-08 07:50:00','2024-10-08 17:03:00',N'Ðã Hoàn Thành',NULL),
	(31,'2024-10-08 07:50:00','2024-10-08 17:03:00',N'Ðã Hoàn Thành',NULL),
	(32,'2024-10-08 07:50:00','2024-10-08 17:03:00',N'Ðã Hoàn Thành',NULL),
	(33,'2024-10-08 07:50:00','2024-10-08 17:03:00',N'Ðã Hoàn Thành',NULL),

	(1,'2024-10-07 07:50:00','2024-10-07 17:03:00',N'Ðã Hoàn Thành',NULL),
	(2,'2024-10-07 07:50:00','2024-10-07 17:03:00',N'Ðã Hoàn Thành',NULL),
	(3,'2024-10-07 07:50:00','2024-10-07 17:03:00',N'Ðã Hoàn Thành',NULL),
	(4,'2024-10-07 07:50:00','2024-10-07 17:03:00',N'Ðã Hoàn Thành',NULL),
	(5,'2024-10-07 07:50:00','2024-10-07 17:03:00',N'Ðã Hoàn Thành',NULL),
	(6,'2024-10-07 07:50:00','2024-10-07 17:03:00',N'Ðã Hoàn Thành',NULL),
	(7,'2024-10-07 07:50:00','2024-10-07 17:03:00',N'Ðã Hoàn Thành',NULL),
	(8,'2024-10-07 07:50:00','2024-10-07 17:03:00',N'Ðã Hoàn Thành',NULL),
	(9,'2024-10-07 07:50:00','2024-10-07 17:03:00',N'Ðã Hoàn Thành',NULL),
	(10,'2024-10-07 07:50:00','2024-10-07 17:03:00',N'Ðã Hoàn Thành',NULL),
	(11,'2024-10-07 07:50:00','2024-10-07 17:03:00',N'Ðã Hoàn Thành',NULL),
	(12,'2024-10-07 07:50:00','2024-10-07 17:03:00',N'Ðã Hoàn Thành',NULL),
	(13,'2024-10-07 07:50:00','2024-10-07 17:03:00',N'Ðã Hoàn Thành',NULL),
	(14,'2024-10-07 07:50:00','2024-10-07 17:03:00',N'Ðã Hoàn Thành',NULL),
	(15,'2024-10-07 07:50:00','2024-10-07 17:03:00',N'Ðã Hoàn Thành',NULL),
	(16,'2024-10-07 07:50:00','2024-10-07 17:03:00',N'Ðã Hoàn Thành',NULL),
	(17,'2024-10-07 07:50:00','2024-10-07 17:03:00',N'Ðã Hoàn Thành',NULL),
	(18,'2024-10-07 07:50:00','2024-10-07 17:03:00',N'Ðã Hoàn Thành',NULL),
	(19,'2024-10-07 07:50:00','2024-10-07 17:03:00',N'Ðã Hoàn Thành',NULL),
	(20,'2024-10-07 07:50:00','2024-10-07 17:03:00',N'Ðã Hoàn Thành',NULL),
	(21,'2024-10-07 07:50:00','2024-10-07 17:03:00',N'Ðã Hoàn Thành',NULL),
	(22,'2024-10-07 07:50:00','2024-10-07 17:03:00',N'Ðã Hoàn Thành',NULL),
	(23,'2024-10-07 07:50:00','2024-10-07 17:03:00',N'Ðã Hoàn Thành',NULL),
	(24,'2024-10-07 07:50:00','2024-10-07 17:03:00',N'Ðã Hoàn Thành',NULL),
	(25,'2024-10-07 07:50:00','2024-10-07 17:03:00',N'Ðã Hoàn Thành',NULL),
	(26,'2024-10-07 07:50:00','2024-10-07 17:03:00',N'Ðã Hoàn Thành',NULL),
	(27,'2024-10-07 07:50:00','2024-10-07 17:03:00',N'Ðã Hoàn Thành',NULL),
	(28,'2024-10-07 07:50:00','2024-10-07 17:03:00',N'Ðã Hoàn Thành',NULL),
	(29,'2024-10-07 07:50:00','2024-10-07 17:03:00',N'Ðã Hoàn Thành',NULL),
	(30,'2024-10-07 07:50:00','2024-10-07 17:03:00',N'Ðã Hoàn Thành',NULL),
	(31,'2024-10-07 07:50:00','2024-10-07 17:03:00',N'Ðã Hoàn Thành',NULL),
	(32,'2024-10-07 07:50:00','2024-10-07 17:03:00',N'Ðã Hoàn Thành',NULL),
	(33,'2024-10-07 07:50:00','2024-10-07 17:03:00',N'Ðã Hoàn Thành',NULL),

	(1,'2024-10-06 07:50:00','2024-10-06 17:03:00',N'Ðã Hoàn Thành',NULL),
	(2,'2024-10-06 07:50:00','2024-10-06 17:03:00',N'Ðã Hoàn Thành',NULL),
	(3,'2024-10-06 07:50:00','2024-10-06 17:03:00',N'Ðã Hoàn Thành',NULL),
	(4,'2024-10-06 07:50:00','2024-10-06 17:03:00',N'Ðã Hoàn Thành',NULL),
	(5,'2024-10-06 07:50:00','2024-10-06 17:03:00',N'Ðã Hoàn Thành',NULL),
	(6,'2024-10-06 07:50:00','2024-10-06 17:03:00',N'Ðã Hoàn Thành',NULL),
	(7,'2024-10-06 07:50:00','2024-10-06 17:03:00',N'Ðã Hoàn Thành',NULL),
	(8,'2024-10-06 07:50:00','2024-10-06 17:03:00',N'Ðã Hoàn Thành',NULL),
	(9,'2024-10-06 07:50:00','2024-10-06 17:03:00',N'Ðã Hoàn Thành',NULL),
	(10,'2024-10-06 07:50:00','2024-10-06 17:03:00',N'Ðã Hoàn Thành',NULL),
	(11,'2024-10-06 07:50:00','2024-10-06 17:03:00',N'Ðã Hoàn Thành',NULL),
	(12,'2024-10-06 07:50:00','2024-10-06 17:03:00',N'Ðã Hoàn Thành',NULL),
	(13,'2024-10-06 07:50:00','2024-10-06 17:03:00',N'Ðã Hoàn Thành',NULL),
	(14,'2024-10-06 07:50:00','2024-10-06 17:03:00',N'Ðã Hoàn Thành',NULL),
	(15,'2024-10-06 07:50:00','2024-10-06 17:03:00',N'Ðã Hoàn Thành',NULL),
	(16,'2024-10-06 07:50:00','2024-10-06 17:03:00',N'Ðã Hoàn Thành',NULL),
	(17,'2024-10-06 07:50:00','2024-10-06 17:03:00',N'Ðã Hoàn Thành',NULL),
	(18,'2024-10-06 07:50:00','2024-10-06 17:03:00',N'Ðã Hoàn Thành',NULL),
	(19,'2024-10-06 07:50:00','2024-10-06 17:03:00',N'Ðã Hoàn Thành',NULL),
	(20,'2024-10-06 07:50:00','2024-10-06 17:03:00',N'Ðã Hoàn Thành',NULL),
	(21,'2024-10-06 07:50:00','2024-10-06 17:03:00',N'Ðã Hoàn Thành',NULL),
	(22,'2024-10-06 07:50:00','2024-10-06 17:03:00',N'Ðã Hoàn Thành',NULL),
	(23,'2024-10-06 07:50:00','2024-10-06 17:03:00',N'Ðã Hoàn Thành',NULL),
	(24,'2024-10-06 07:50:00','2024-10-06 17:03:00',N'Ðã Hoàn Thành',NULL),
	(25,'2024-10-06 07:50:00','2024-10-06 17:03:00',N'Ðã Hoàn Thành',NULL),
	(26,'2024-10-06 07:50:00','2024-10-06 17:03:00',N'Ðã Hoàn Thành',NULL),
	(27,'2024-10-06 07:50:00','2024-10-06 17:03:00',N'Ðã Hoàn Thành',NULL),
	(28,'2024-10-06 07:50:00','2024-10-06 17:03:00',N'Ðã Hoàn Thành',NULL),
	(29,'2024-10-06 07:50:00','2024-10-06 17:03:00',N'Ðã Hoàn Thành',NULL),
	(30,'2024-10-06 07:50:00','2024-10-06 17:03:00',N'Ðã Hoàn Thành',NULL),
	(31,'2024-10-06 07:50:00','2024-10-06 17:03:00',N'Ðã Hoàn Thành',NULL),
	(32,'2024-10-06 07:50:00','2024-10-06 17:03:00',N'Ðã Hoàn Thành',NULL),
	(33,'2024-10-06 07:50:00','2024-10-06 17:03:00',N'Ðã Hoàn Thành',NULL),
		
	(1,'2024-10-05 07:50:00','2024-10-05 17:03:00',N'Ðã Hoàn Thành',NULL),
	(2,'2024-10-05 07:50:00','2024-10-05 17:03:00',N'Ðã Hoàn Thành',NULL),
	(3,'2024-10-05 07:50:00','2024-10-05 17:03:00',N'Ðã Hoàn Thành',NULL),
	(4,'2024-10-05 07:50:00','2024-10-05 17:03:00',N'Ðã Hoàn Thành',NULL),
	(5,'2024-10-05 07:50:00','2024-10-05 17:03:00',N'Ðã Hoàn Thành',NULL),
	(6,'2024-10-05 07:50:00','2024-10-05 17:03:00',N'Ðã Hoàn Thành',NULL),
	(7,'2024-10-05 07:50:00','2024-10-05 17:03:00',N'Ðã Hoàn Thành',NULL),
	(8,'2024-10-05 07:50:00','2024-10-05 17:03:00',N'Ðã Hoàn Thành',NULL),
	(9,'2024-10-05 07:50:00','2024-10-05 17:03:00',N'Ðã Hoàn Thành',NULL),
	(10,'2024-10-05 07:50:00','2024-10-05 17:03:00',N'Ðã Hoàn Thành',NULL),
	(11,'2024-10-05 07:50:00','2024-10-05 17:03:00',N'Ðã Hoàn Thành',NULL),
	(12,'2024-10-05 07:50:00','2024-10-05 17:03:00',N'Ðã Hoàn Thành',NULL),
	(13,'2024-10-05 07:50:00','2024-10-05 17:03:00',N'Ðã Hoàn Thành',NULL),
	(14,'2024-10-05 07:50:00','2024-10-05 17:03:00',N'Ðã Hoàn Thành',NULL),
	(15,'2024-10-05 07:50:00','2024-10-05 17:03:00',N'Ðã Hoàn Thành',NULL),
	(16,'2024-10-05 07:50:00','2024-10-05 17:03:00',N'Ðã Hoàn Thành',NULL),
	(17,'2024-10-05 07:50:00','2024-10-05 17:03:00',N'Ðã Hoàn Thành',NULL),
	(18,'2024-10-05 07:50:00','2024-10-05 17:03:00',N'Ðã Hoàn Thành',NULL),
	(19,'2024-10-05 07:50:00','2024-10-05 17:03:00',N'Ðã Hoàn Thành',NULL),
	(20,'2024-10-05 07:50:00','2024-10-05 17:03:00',N'Ðã Hoàn Thành',NULL),
	(21,'2024-10-05 07:50:00','2024-10-05 17:03:00',N'Ðã Hoàn Thành',NULL),
	(22,'2024-10-05 07:50:00','2024-10-05 17:03:00',N'Ðã Hoàn Thành',NULL),
	(23,'2024-10-05 07:50:00','2024-10-05 17:03:00',N'Ðã Hoàn Thành',NULL),
	(24,'2024-10-05 07:50:00','2024-10-05 17:03:00',N'Ðã Hoàn Thành',NULL),
	(25,'2024-10-05 07:50:00','2024-10-05 17:03:00',N'Ðã Hoàn Thành',NULL),
	(26,'2024-10-05 07:50:00','2024-10-05 17:03:00',N'Ðã Hoàn Thành',NULL),
	(27,'2024-10-05 07:50:00','2024-10-05 17:03:00',N'Ðã Hoàn Thành',NULL),
	(28,'2024-10-05 07:50:00','2024-10-05 17:03:00',N'Ðã Hoàn Thành',NULL),
	(29,'2024-10-05 07:50:00','2024-10-05 17:03:00',N'Ðã Hoàn Thành',NULL),
	(30,'2024-10-05 07:50:00','2024-10-05 17:03:00',N'Ðã Hoàn Thành',NULL),
	(31,'2024-10-05 07:50:00','2024-10-05 17:03:00',N'Ðã Hoàn Thành',NULL),
	(32,'2024-10-05 07:50:00','2024-10-05 17:03:00',N'Ðã Hoàn Thành',NULL),
	(33,'2024-10-05 07:50:00','2024-10-05 17:03:00',N'Ðã Hoàn Thành',NULL),

	(1,'2024-10-04 07:50:00','2024-10-04 17:03:00',N'Ðã Hoàn Thành',NULL),
	(2,'2024-10-04 07:50:00','2024-10-04 17:03:00',N'Ðã Hoàn Thành',NULL),
	(3,'2024-10-04 07:50:00','2024-10-04 17:03:00',N'Ðã Hoàn Thành',NULL),
	(4,'2024-10-04 07:50:00','2024-10-04 17:03:00',N'Ðã Hoàn Thành',NULL),
	(5,'2024-10-04 07:50:00','2024-10-04 17:03:00',N'Ðã Hoàn Thành',NULL),
	(6,'2024-10-04 07:50:00','2024-10-04 17:03:00',N'Ðã Hoàn Thành',NULL),
	(7,'2024-10-04 07:50:00','2024-10-04 17:03:00',N'Ðã Hoàn Thành',NULL),
	(8,'2024-10-04 07:50:00','2024-10-04 17:03:00',N'Ðã Hoàn Thành',NULL),
	(9,'2024-10-04 07:50:00','2024-10-04 17:03:00',N'Ðã Hoàn Thành',NULL),
	(10,'2024-10-04 07:50:00','2024-10-04 17:03:00',N'Ðã Hoàn Thành',NULL),
	(11,'2024-10-04 07:50:00','2024-10-04 17:03:00',N'Ðã Hoàn Thành',NULL),
	(12,'2024-10-04 07:50:00','2024-10-04 17:03:00',N'Ðã Hoàn Thành',NULL),
	(13,'2024-10-04 07:50:00','2024-10-04 17:03:00',N'Ðã Hoàn Thành',NULL),
	(14,'2024-10-04 07:50:00','2024-10-04 17:03:00',N'Ðã Hoàn Thành',NULL),
	(15,'2024-10-04 07:50:00','2024-10-04 17:03:00',N'Ðã Hoàn Thành',NULL),
	(16,'2024-10-04 07:50:00','2024-10-04 17:03:00',N'Ðã Hoàn Thành',NULL),
	(17,'2024-10-04 07:50:00','2024-10-04 17:03:00',N'Ðã Hoàn Thành',NULL),
	(18,'2024-10-04 07:50:00','2024-10-04 17:03:00',N'Ðã Hoàn Thành',NULL),
	(19,'2024-10-04 07:50:00','2024-10-04 17:03:00',N'Ðã Hoàn Thành',NULL),
	(20,'2024-10-04 07:50:00','2024-10-04 17:03:00',N'Ðã Hoàn Thành',NULL),
	(21,'2024-10-04 07:50:00','2024-10-04 17:03:00',N'Ðã Hoàn Thành',NULL),
	(22,'2024-10-04 07:50:00','2024-10-04 17:03:00',N'Ðã Hoàn Thành',NULL),
	(23,'2024-10-04 07:50:00','2024-10-04 17:03:00',N'Ðã Hoàn Thành',NULL),
	(24,'2024-10-04 07:50:00','2024-10-04 17:03:00',N'Ðã Hoàn Thành',NULL),
	(25,'2024-10-04 07:50:00','2024-10-04 17:03:00',N'Ðã Hoàn Thành',NULL),
	(26,'2024-10-04 07:50:00','2024-10-04 17:03:00',N'Ðã Hoàn Thành',NULL),
	(27,'2024-10-04 07:50:00','2024-10-04 17:03:00',N'Ðã Hoàn Thành',NULL),
	(28,'2024-10-04 07:50:00','2024-10-04 17:03:00',N'Ðã Hoàn Thành',NULL),
	(29,'2024-10-04 07:50:00','2024-10-04 17:03:00',N'Ðã Hoàn Thành',NULL),
	(30,'2024-10-04 07:50:00','2024-10-04 17:03:00',N'Ðã Hoàn Thành',NULL),
	(31,'2024-10-04 07:50:00','2024-10-04 17:03:00',N'Ðã Hoàn Thành',NULL),
	(32,'2024-10-04 07:50:00','2024-10-04 17:03:00',N'Ðã Hoàn Thành',NULL),
	(33,'2024-10-04 07:50:00','2024-10-04 17:03:00',N'Ðã Hoàn Thành',NULL),

	(1,'2024-10-03 07:50:00','2024-10-03 17:03:00',N'Ðã Hoàn Thành',NULL),
	(2,'2024-10-03 07:50:00','2024-10-03 17:03:00',N'Ðã Hoàn Thành',NULL),
	(3,'2024-10-03 07:50:00','2024-10-03 17:03:00',N'Ðã Hoàn Thành',NULL),
	(4,'2024-10-03 07:50:00','2024-10-03 17:03:00',N'Ðã Hoàn Thành',NULL),
	(5,'2024-10-03 07:50:00','2024-10-03 17:03:00',N'Ðã Hoàn Thành',NULL),
	(6,'2024-10-03 07:50:00','2024-10-03 17:03:00',N'Ðã Hoàn Thành',NULL),
	(7,'2024-10-03 07:50:00','2024-10-03 17:03:00',N'Ðã Hoàn Thành',NULL),
	(8,'2024-10-03 07:50:00','2024-10-03 17:03:00',N'Ðã Hoàn Thành',NULL),
	(9,'2024-10-03 07:50:00','2024-10-03 17:03:00',N'Ðã Hoàn Thành',NULL),
	(10,'2024-10-03 07:50:00','2024-10-03 17:03:00',N'Ðã Hoàn Thành',NULL),
	(11,'2024-10-03 07:50:00','2024-10-03 17:03:00',N'Ðã Hoàn Thành',NULL),
	(12,'2024-10-03 07:50:00','2024-10-03 17:03:00',N'Ðã Hoàn Thành',NULL),
	(13,'2024-10-03 07:50:00','2024-10-03 17:03:00',N'Ðã Hoàn Thành',NULL),
	(14,'2024-10-03 07:50:00','2024-10-03 17:03:00',N'Ðã Hoàn Thành',NULL),
	(15,'2024-10-03 07:50:00','2024-10-03 17:03:00',N'Ðã Hoàn Thành',NULL),
	(16,'2024-10-03 07:50:00','2024-10-03 17:03:00',N'Ðã Hoàn Thành',NULL),
	(17,'2024-10-03 07:50:00','2024-10-03 17:03:00',N'Ðã Hoàn Thành',NULL),
	(18,'2024-10-03 07:50:00','2024-10-03 17:03:00',N'Ðã Hoàn Thành',NULL),
	(19,'2024-10-03 07:50:00','2024-10-03 17:03:00',N'Ðã Hoàn Thành',NULL),
	(20,'2024-10-03 07:50:00','2024-10-03 17:03:00',N'Ðã Hoàn Thành',NULL),
	(21,'2024-10-03 07:50:00','2024-10-03 17:03:00',N'Ðã Hoàn Thành',NULL),
	(22,'2024-10-03 07:50:00','2024-10-03 17:03:00',N'Ðã Hoàn Thành',NULL),
	(23,'2024-10-03 07:50:00','2024-10-03 17:03:00',N'Ðã Hoàn Thành',NULL),
	(24,'2024-10-03 07:50:00','2024-10-03 17:03:00',N'Ðã Hoàn Thành',NULL),
	(25,'2024-10-03 07:50:00','2024-10-03 17:03:00',N'Ðã Hoàn Thành',NULL),
	(26,'2024-10-03 07:50:00','2024-10-03 17:03:00',N'Ðã Hoàn Thành',NULL),
	(27,'2024-10-03 07:50:00','2024-10-03 17:03:00',N'Ðã Hoàn Thành',NULL),
	(28,'2024-10-03 07:50:00','2024-10-03 17:03:00',N'Ðã Hoàn Thành',NULL),
	(29,'2024-10-03 07:50:00','2024-10-03 17:03:00',N'Ðã Hoàn Thành',NULL),
	(30,'2024-10-03 07:50:00','2024-10-03 17:03:00',N'Ðã Hoàn Thành',NULL),
	(31,'2024-10-03 07:50:00','2024-10-03 17:03:00',N'Ðã Hoàn Thành',NULL),
	(32,'2024-10-03 07:50:00','2024-10-03 17:03:00',N'Ðã Hoàn Thành',NULL),
	(33,'2024-10-03 07:50:00','2024-10-03 17:03:00',N'Ðã Hoàn Thành',NULL),

	(1,'2024-10-02 07:50:00','2024-10-02 17:03:00',N'Ðã Hoàn Thành',NULL),
	(2,'2024-10-02 07:50:00','2024-10-02 17:03:00',N'Ðã Hoàn Thành',NULL),
	(3,'2024-10-02 07:50:00','2024-10-02 17:03:00',N'Ðã Hoàn Thành',NULL),
	(4,'2024-10-02 07:50:00','2024-10-02 17:03:00',N'Ðã Hoàn Thành',NULL),
	(5,'2024-10-02 07:50:00','2024-10-02 17:03:00',N'Ðã Hoàn Thành',NULL),
	(6,'2024-10-02 07:50:00','2024-10-02 17:03:00',N'Ðã Hoàn Thành',NULL),
	(7,'2024-10-02 07:50:00','2024-10-02 17:03:00',N'Ðã Hoàn Thành',NULL),
	(8,'2024-10-02 07:50:00','2024-10-02 17:03:00',N'Ðã Hoàn Thành',NULL),
	(9,'2024-10-02 07:50:00','2024-10-02 17:03:00',N'Ðã Hoàn Thành',NULL),
	(10,'2024-10-02 07:50:00','2024-10-02 17:03:00',N'Ðã Hoàn Thành',NULL),
	(11,'2024-10-02 07:50:00','2024-10-02 17:03:00',N'Ðã Hoàn Thành',NULL),
	(12,'2024-10-02 07:50:00','2024-10-02 17:03:00',N'Ðã Hoàn Thành',NULL),
	(13,'2024-10-02 07:50:00','2024-10-02 17:03:00',N'Ðã Hoàn Thành',NULL),
	(14,'2024-10-02 07:50:00','2024-10-02 17:03:00',N'Ðã Hoàn Thành',NULL),
	(15,'2024-10-02 07:50:00','2024-10-02 17:03:00',N'Ðã Hoàn Thành',NULL),
	(16,'2024-10-02 07:50:00','2024-10-02 17:03:00',N'Ðã Hoàn Thành',NULL),
	(17,'2024-10-02 07:50:00','2024-10-02 17:03:00',N'Ðã Hoàn Thành',NULL),
	(18,'2024-10-02 07:50:00','2024-10-02 17:03:00',N'Ðã Hoàn Thành',NULL),
	(19,'2024-10-02 07:50:00','2024-10-02 17:03:00',N'Ðã Hoàn Thành',NULL),
	(20,'2024-10-02 07:50:00','2024-10-02 17:03:00',N'Ðã Hoàn Thành',NULL),
	(21,'2024-10-02 07:50:00','2024-10-02 17:03:00',N'Ðã Hoàn Thành',NULL),
	(22,'2024-10-02 07:50:00','2024-10-02 17:03:00',N'Ðã Hoàn Thành',NULL),
	(23,'2024-10-02 07:50:00','2024-10-02 17:03:00',N'Ðã Hoàn Thành',NULL),
	(24,'2024-10-02 07:50:00','2024-10-02 17:03:00',N'Ðã Hoàn Thành',NULL),
	(25,'2024-10-02 07:50:00','2024-10-02 17:03:00',N'Ðã Hoàn Thành',NULL),
	(26,'2024-10-02 07:50:00','2024-10-02 17:03:00',N'Ðã Hoàn Thành',NULL),
	(27,'2024-10-02 07:50:00','2024-10-02 17:03:00',N'Ðã Hoàn Thành',NULL),
	(28,'2024-10-02 07:50:00','2024-10-02 17:03:00',N'Ðã Hoàn Thành',NULL),
	(29,'2024-10-02 07:50:00','2024-10-02 17:03:00',N'Ðã Hoàn Thành',NULL),
	(30,'2024-10-02 07:50:00','2024-10-02 17:03:00',N'Ðã Hoàn Thành',NULL),
	(31,'2024-10-02 07:50:00','2024-10-02 17:03:00',N'Ðã Hoàn Thành',NULL),
	(32,'2024-10-02 07:50:00','2024-10-02 17:03:00',N'Ðã Hoàn Thành',NULL),
	(33,'2024-10-02 07:50:00','2024-10-02 17:03:00',N'Ðã Hoàn Thành',NULL),

	(1,'2024-10-01 07:50:00','2024-10-01 17:03:00',N'Ðã Hoàn Thành',NULL),
	(2,'2024-10-01 07:50:00','2024-10-01 17:03:00',N'Ðã Hoàn Thành',NULL),
	(3,'2024-10-01 07:50:00','2024-10-01 17:03:00',N'Ðã Hoàn Thành',NULL),
	(4,'2024-10-01 07:50:00','2024-10-01 17:03:00',N'Ðã Hoàn Thành',NULL),
	(5,'2024-10-01 07:50:00','2024-10-01 17:03:00',N'Ðã Hoàn Thành',NULL),
	(6,'2024-10-01 07:50:00','2024-10-01 17:03:00',N'Ðã Hoàn Thành',NULL),
	(7,'2024-10-01 07:50:00','2024-10-01 17:03:00',N'Ðã Hoàn Thành',NULL),
	(8,'2024-10-01 07:50:00','2024-10-01 17:03:00',N'Ðã Hoàn Thành',NULL),
	(9,'2024-10-01 07:50:00','2024-10-01 17:03:00',N'Ðã Hoàn Thành',NULL),
	(10,'2024-10-01 07:50:00','2024-10-01 17:03:00',N'Ðã Hoàn Thành',NULL),
	(11,'2024-10-01 07:50:00','2024-10-01 17:03:00',N'Ðã Hoàn Thành',NULL),
	(12,'2024-10-01 07:50:00','2024-10-01 17:03:00',N'Ðã Hoàn Thành',NULL),
	(13,'2024-10-01 07:50:00','2024-10-01 17:03:00',N'Ðã Hoàn Thành',NULL),
	(14,'2024-10-01 07:50:00','2024-10-01 17:03:00',N'Ðã Hoàn Thành',NULL),
	(15,'2024-10-01 07:50:00','2024-10-01 17:03:00',N'Ðã Hoàn Thành',NULL),
	(16,'2024-10-01 07:50:00','2024-10-01 17:03:00',N'Ðã Hoàn Thành',NULL),
	(17,'2024-10-01 07:50:00','2024-10-01 17:03:00',N'Ðã Hoàn Thành',NULL),
	(18,'2024-10-01 07:50:00','2024-10-01 17:03:00',N'Ðã Hoàn Thành',NULL),
	(19,'2024-10-01 07:50:00','2024-10-01 17:03:00',N'Ðã Hoàn Thành',NULL),
	(20,'2024-10-01 07:50:00','2024-10-01 17:03:00',N'Ðã Hoàn Thành',NULL),
	(21,'2024-10-01 07:50:00','2024-10-01 17:03:00',N'Ðã Hoàn Thành',NULL),
	(22,'2024-10-01 07:50:00','2024-10-01 17:03:00',N'Ðã Hoàn Thành',NULL),
	(23,'2024-10-01 07:50:00','2024-10-01 17:03:00',N'Ðã Hoàn Thành',NULL),
	(24,'2024-10-01 07:50:00','2024-10-01 17:03:00',N'Ðã Hoàn Thành',NULL),
	(25,'2024-10-01 07:50:00','2024-10-01 17:03:00',N'Ðã Hoàn Thành',NULL),
	(26,'2024-10-01 07:50:00','2024-10-01 17:03:00',N'Ðã Hoàn Thành',NULL),
	(27,'2024-10-01 07:50:00','2024-10-01 17:03:00',N'Ðã Hoàn Thành',NULL),
	(28,'2024-10-01 07:50:00','2024-10-01 17:03:00',N'Ðã Hoàn Thành',NULL),
	(29,'2024-10-01 07:50:00','2024-10-01 17:03:00',N'Ðã Hoàn Thành',NULL),
	(30,'2024-10-01 07:50:00','2024-10-01 17:03:00',N'Ðã Hoàn Thành',NULL),
	(31,'2024-10-01 07:50:00','2024-10-01 17:03:00',N'Ðã Hoàn Thành',NULL),
	(32,'2024-10-01 07:50:00','2024-10-01 17:03:00',N'Ðã Hoàn Thành',NULL),
	(33,'2024-10-01 07:50:00','2024-10-01 17:03:00',N'Ðã Hoàn Thành',NULL);

INSERT INTO ChamCong (MaNhanVien, NgayGioVao, NgayGioRa, TrangThai, GhiChu)
VALUES 
	(1,'2024-09-30 08:50:00','2024-09-30 17:03:00',N'Đi trễ',NULL),
	(2,'2024-09-30 07:50:00','2024-09-30 17:03:00',N'Ðã Hoàn Thành',NULL),
	(3,'2024-09-30 07:50:00','2024-09-30 17:03:00',N'Ðã Hoàn Thành',NULL),
	(4,'2024-09-30 07:50:00','2024-09-30 17:03:00',N'Ðã Hoàn Thành',NULL),
	(5,'2024-09-30 07:50:00','2024-09-30 17:03:00',N'Ðã Hoàn Thành',NULL),
	(6,'2024-09-30 00:00:00','2024-09-30 00:00:00',N'Nghỉ',N'Không phép'),
	(7,'2024-09-30 07:50:00','2024-09-30 17:03:00',N'Ðã Hoàn Thành',NULL),
	(8,'2024-09-30 07:50:00','2024-09-30 17:03:00',N'Ðã Hoàn Thành',NULL),
	(9,'2024-09-30 00:00:00','2024-09-30 00:00:00',N'Nghỉ',N'Có phép'),
	(10,'2024-09-30 07:50:00','2024-09-30 17:03:00',N'Ðã Hoàn Thành',NULL),
	(11,'2024-09-30 07:50:00','2024-09-30 17:03:00',N'Ðã Hoàn Thành',NULL),
	(12,'2024-09-30 07:50:00','2024-09-30 17:03:00',N'Ðã Hoàn Thành',NULL),
	(13,'2024-09-30 07:50:00','2024-09-30 17:03:00',N'Ðã Hoàn Thành',NULL),
	(14,'2024-09-30 07:50:00','2024-09-30 17:03:00',N'Ðã Hoàn Thành',NULL),
	(15,'2024-09-30 07:50:00','2024-09-30 17:03:00',N'Ðã Hoàn Thành',NULL),
	(16,'2024-09-30 07:50:00','2024-09-30 17:03:00',N'Ðã Hoàn Thành',NULL),
	(17,'2024-09-30 07:50:00','2024-09-30 17:03:00',N'Ðã Hoàn Thành',NULL),
	(18,'2024-09-30 07:50:00','2024-09-30 17:03:00',N'Ðã Hoàn Thành',NULL),
	(19,'2024-09-30 07:50:00','2024-09-30 17:03:00',N'Ðã Hoàn Thành',NULL),
	(20,'2024-09-30 07:50:00','2024-09-30 17:03:00',N'Ðã Hoàn Thành',NULL),
	(21,'2024-09-30 07:50:00','2024-09-30 17:03:00',N'Ðã Hoàn Thành',NULL),
	(22,'2024-09-30 07:50:00','2024-09-30 17:03:00',N'Ðã Hoàn Thành',NULL),
	(23,'2024-09-30 07:50:00','2024-09-30 17:03:00',N'Ðã Hoàn Thành',NULL),
	(24,'2024-09-30 07:50:00','2024-09-30 17:03:00',N'Ðã Hoàn Thành',NULL),
	(25,'2024-09-30 07:50:00','2024-09-30 17:03:00',N'Ðã Hoàn Thành',NULL),
	(26,'2024-09-30 07:50:00','2024-09-30 17:03:00',N'Ðã Hoàn Thành',NULL),
	(27,'2024-09-30 07:50:00','2024-09-30 17:03:00',N'Ðã Hoàn Thành',NULL),
	(28,'2024-09-30 07:50:00','2024-09-30 17:03:00',N'Ðã Hoàn Thành',NULL),
	(29,'2024-09-30 07:50:00','2024-09-30 17:03:00',N'Ðã Hoàn Thành',NULL),
	(30,'2024-09-30 07:50:00','2024-09-30 17:03:00',N'Ðã Hoàn Thành',NULL),
	(31,'2024-09-30 07:50:00','2024-09-30 17:03:00',N'Ðã Hoàn Thành',NULL),
	(32,'2024-09-30 07:50:00','2024-09-30 17:03:00',N'Ðã Hoàn Thành',NULL),
	(33,'2024-09-30 07:50:00','2024-09-30 17:03:00',N'Ðã Hoàn Thành',NULL),
	(1,'2024-09-29 07:50:00','2024-09-29 17:03:00',N'Ðã Hoàn Thành',NULL),
	(2,'2024-09-29 07:50:00','2024-09-29 17:03:00',N'Ðã Hoàn Thành',NULL),
	(3,'2024-09-29 07:50:00','2024-09-29 17:03:00',N'Ðã Hoàn Thành',NULL),
	(4,'2024-09-29 07:50:00','2024-09-29 17:03:00',N'Ðã Hoàn Thành',NULL),
	(5,'2024-09-29 07:50:00','2024-09-29 17:03:00',N'Ðã Hoàn Thành',NULL),
	(6,'2024-09-29 07:50:00','2024-09-29 17:03:00',N'Ðã Hoàn Thành',NULL),
	(7,'2024-09-29 07:50:00','2024-09-29 17:03:00',N'Ðã Hoàn Thành',NULL),
	(8,'2024-09-29 07:50:00','2024-09-29 17:03:00',N'Ðã Hoàn Thành',NULL),
	(9,'2024-09-29 07:50:00','2024-09-29 17:03:00',N'Ðã Hoàn Thành',NULL),
	(10,'2024-09-29 07:50:00','2024-09-29 17:03:00',N'Ðã Hoàn Thành',NULL),
	(11,'2024-09-29 07:50:00','2024-09-29 17:03:00',N'Ðã Hoàn Thành',NULL),
	(12,'2024-09-29 07:50:00','2024-09-29 17:03:00',N'Ðã Hoàn Thành',NULL),
	(13,'2024-09-29 07:50:00','2024-09-29 17:03:00',N'Ðã Hoàn Thành',NULL),
	(14,'2024-09-29 07:50:00','2024-09-29 17:03:00',N'Ðã Hoàn Thành',NULL),
	(15,'2024-09-29 07:50:00','2024-09-29 17:03:00',N'Ðã Hoàn Thành',NULL),
	(16,'2024-09-29 07:50:00','2024-09-29 17:03:00',N'Ðã Hoàn Thành',NULL),
	(17,'2024-09-29 07:50:00','2024-09-29 17:03:00',N'Ðã Hoàn Thành',NULL),
	(18,'2024-09-29 07:50:00','2024-09-29 17:03:00',N'Ðã Hoàn Thành',NULL),
	(19,'2024-09-29 07:50:00','2024-09-29 17:03:00',N'Ðã Hoàn Thành',NULL),
	(20,'2024-09-29 07:50:00','2024-09-29 17:03:00',N'Ðã Hoàn Thành',NULL),
	(21,'2024-09-29 07:50:00','2024-09-29 17:03:00',N'Ðã Hoàn Thành',NULL),
	(22,'2024-09-29 07:50:00','2024-09-29 17:03:00',N'Ðã Hoàn Thành',NULL),
	(23,'2024-09-29 07:50:00','2024-09-29 17:03:00',N'Ðã Hoàn Thành',NULL),
	(24,'2024-09-29 07:50:00','2024-09-29 17:03:00',N'Ðã Hoàn Thành',NULL),
	(25,'2024-09-29 07:50:00','2024-09-29 17:03:00',N'Ðã Hoàn Thành',NULL),
	(26,'2024-09-29 07:50:00','2024-09-29 17:03:00',N'Ðã Hoàn Thành',NULL),
	(27,'2024-09-29 07:50:00','2024-09-29 17:03:00',N'Ðã Hoàn Thành',NULL),
	(28,'2024-09-29 07:50:00','2024-09-29 17:03:00',N'Ðã Hoàn Thành',NULL),
	(29,'2024-09-29 07:50:00','2024-09-29 17:03:00',N'Ðã Hoàn Thành',NULL),
	(30,'2024-09-29 07:50:00','2024-09-29 17:03:00',N'Ðã Hoàn Thành',NULL),
	(31,'2024-09-29 07:50:00','2024-09-29 17:03:00',N'Ðã Hoàn Thành',NULL),
	(32,'2024-09-29 07:50:00','2024-09-29 17:03:00',N'Ðã Hoàn Thành',NULL),
	(33,'2024-09-29 07:50:00','2024-09-29 17:03:00',N'Ðã Hoàn Thành',NULL),
	(1,'2024-09-28 07:50:00','2024-09-28 17:03:00',N'Ðã Hoàn Thành',NULL),
	(2,'2024-09-28 07:50:00','2024-09-28 17:03:00',N'Ðã Hoàn Thành',NULL),
	(3,'2024-09-28 07:50:00','2024-09-28 17:03:00',N'Ðã Hoàn Thành',NULL),
	(4,'2024-09-28 07:50:00','2024-09-28 17:03:00',N'Ðã Hoàn Thành',NULL),
	(5,'2024-09-28 07:50:00','2024-09-28 17:03:00',N'Ðã Hoàn Thành',NULL),
	(6,'2024-09-28 07:50:00','2024-09-28 17:03:00',N'Ðã Hoàn Thành',NULL),
	(7,'2024-09-28 07:50:00','2024-09-28 17:03:00',N'Ðã Hoàn Thành',NULL),
	(8,'2024-09-28 07:50:00','2024-09-28 17:03:00',N'Ðã Hoàn Thành',NULL),
	(9,'2024-09-28 07:50:00','2024-09-28 17:03:00',N'Ðã Hoàn Thành',NULL),
	(10,'2024-09-28 07:50:00','2024-09-28 17:03:00',N'Ðã Hoàn Thành',NULL),
	(11,'2024-09-28 07:50:00','2024-09-28 17:03:00',N'Ðã Hoàn Thành',NULL),
	(12,'2024-09-28 07:50:00','2024-09-28 17:03:00',N'Ðã Hoàn Thành',NULL),
	(13,'2024-09-28 07:50:00','2024-09-28 17:03:00',N'Ðã Hoàn Thành',NULL),
	(14,'2024-09-28 07:50:00','2024-09-28 17:03:00',N'Ðã Hoàn Thành',NULL),
	(15,'2024-09-28 07:50:00','2024-09-28 17:03:00',N'Ðã Hoàn Thành',NULL),
	(16,'2024-09-28 07:50:00','2024-09-28 17:03:00',N'Ðã Hoàn Thành',NULL),
	(17,'2024-09-28 07:50:00','2024-09-28 17:03:00',N'Ðã Hoàn Thành',NULL),
	(18,'2024-09-28 07:50:00','2024-09-28 17:03:00',N'Ðã Hoàn Thành',NULL),
	(19,'2024-09-28 07:50:00','2024-09-28 17:03:00',N'Ðã Hoàn Thành',NULL),
	(20,'2024-09-28 07:50:00','2024-09-28 17:03:00',N'Ðã Hoàn Thành',NULL),
	(21,'2024-09-28 07:50:00','2024-09-28 17:03:00',N'Ðã Hoàn Thành',NULL),
	(22,'2024-09-28 07:50:00','2024-09-28 17:03:00',N'Ðã Hoàn Thành',NULL),
	(23,'2024-09-28 07:50:00','2024-09-28 17:03:00',N'Ðã Hoàn Thành',NULL),
	(24,'2024-09-28 07:50:00','2024-09-28 17:03:00',N'Ðã Hoàn Thành',NULL),
	(25,'2024-09-28 07:50:00','2024-09-28 17:03:00',N'Ðã Hoàn Thành',NULL),
	(26,'2024-09-28 07:50:00','2024-09-28 17:03:00',N'Ðã Hoàn Thành',NULL),
	(27,'2024-09-28 07:50:00','2024-09-28 17:03:00',N'Ðã Hoàn Thành',NULL),
	(28,'2024-09-28 07:50:00','2024-09-28 17:03:00',N'Ðã Hoàn Thành',NULL),
	(29,'2024-09-28 07:50:00','2024-09-28 17:03:00',N'Ðã Hoàn Thành',NULL),
	(30,'2024-09-28 07:50:00','2024-09-28 17:03:00',N'Ðã Hoàn Thành',NULL),
	(31,'2024-09-28 07:50:00','2024-09-28 17:03:00',N'Ðã Hoàn Thành',NULL),
	(32,'2024-09-28 07:50:00','2024-09-28 17:03:00',N'Ðã Hoàn Thành',NULL),
	(33,'2024-09-28 07:50:00','2024-09-28 17:03:00',N'Ðã Hoàn Thành',NULL),
	(1,'2024-09-27 07:50:00','2024-09-27 17:03:00',N'Ðã Hoàn Thành',NULL),
	(2,'2024-09-27 07:50:00','2024-09-27 17:03:00',N'Ðã Hoàn Thành',NULL),
	(3,'2024-09-27 07:50:00','2024-09-27 17:03:00',N'Ðã Hoàn Thành',NULL),
	(4,'2024-09-27 07:50:00','2024-09-27 17:03:00',N'Ðã Hoàn Thành',NULL),
	(5,'2024-09-27 07:50:00','2024-09-27 17:03:00',N'Ðã Hoàn Thành',NULL),
	(6,'2024-09-27 07:50:00','2024-09-27 17:03:00',N'Ðã Hoàn Thành',NULL),
	(7,'2024-09-27 07:50:00','2024-09-27 17:03:00',N'Ðã Hoàn Thành',NULL),
	(8,'2024-09-27 07:50:00','2024-09-27 17:03:00',N'Ðã Hoàn Thành',NULL),
	(9,'2024-09-27 07:50:00','2024-09-27 17:03:00',N'Ðã Hoàn Thành',NULL),
	(10,'2024-09-27 07:50:00','2024-09-27 17:03:00',N'Ðã Hoàn Thành',NULL),
	(11,'2024-09-27 07:50:00','2024-09-27 17:03:00',N'Ðã Hoàn Thành',NULL),
	(12,'2024-09-27 07:50:00','2024-09-27 17:03:00',N'Ðã Hoàn Thành',NULL),
	(13,'2024-09-27 07:50:00','2024-09-27 17:03:00',N'Ðã Hoàn Thành',NULL),
	(14,'2024-09-27 07:50:00','2024-09-27 17:03:00',N'Ðã Hoàn Thành',NULL),
	(15,'2024-09-27 07:50:00','2024-09-27 17:03:00',N'Ðã Hoàn Thành',NULL),
	(16,'2024-09-27 07:50:00','2024-09-27 17:03:00',N'Ðã Hoàn Thành',NULL),
	(17,'2024-09-27 07:50:00','2024-09-27 17:03:00',N'Ðã Hoàn Thành',NULL),
	(18,'2024-09-27 07:50:00','2024-09-27 17:03:00',N'Ðã Hoàn Thành',NULL),
	(19,'2024-09-27 07:50:00','2024-09-27 17:03:00',N'Ðã Hoàn Thành',NULL),
	(20,'2024-09-27 07:50:00','2024-09-27 17:03:00',N'Ðã Hoàn Thành',NULL),
	(21,'2024-09-27 07:50:00','2024-09-27 17:03:00',N'Ðã Hoàn Thành',NULL),
	(22,'2024-09-27 07:50:00','2024-09-27 17:03:00',N'Ðã Hoàn Thành',NULL),
	(23,'2024-09-27 07:50:00','2024-09-27 17:03:00',N'Ðã Hoàn Thành',NULL),
	(24,'2024-09-27 07:50:00','2024-09-27 17:03:00',N'Ðã Hoàn Thành',NULL),
	(25,'2024-09-27 07:50:00','2024-09-27 17:03:00',N'Ðã Hoàn Thành',NULL),
	(26,'2024-09-27 07:50:00','2024-09-27 17:03:00',N'Ðã Hoàn Thành',NULL),
	(27,'2024-09-27 07:50:00','2024-09-27 17:03:00',N'Ðã Hoàn Thành',NULL),
	(28,'2024-09-27 07:50:00','2024-09-27 17:03:00',N'Ðã Hoàn Thành',NULL),
	(29,'2024-09-27 07:50:00','2024-09-27 17:03:00',N'Ðã Hoàn Thành',NULL),
	(30,'2024-09-27 07:50:00','2024-09-27 17:03:00',N'Ðã Hoàn Thành',NULL),
	(31,'2024-09-27 07:50:00','2024-09-27 17:03:00',N'Ðã Hoàn Thành',NULL),
	(32,'2024-09-27 07:50:00','2024-09-27 17:03:00',N'Ðã Hoàn Thành',NULL),
	(33,'2024-09-27 07:50:00','2024-09-27 17:03:00',N'Ðã Hoàn Thành',NULL),
	(1,'2024-09-26 07:50:00','2024-09-26 17:03:00',N'Ðã Hoàn Thành',NULL),
	(2,'2024-09-26 07:50:00','2024-09-26 17:03:00',N'Ðã Hoàn Thành',NULL),
	(3,'2024-09-26 07:50:00','2024-09-26 17:03:00',N'Ðã Hoàn Thành',NULL),
	(4,'2024-09-26 07:50:00','2024-09-26 17:03:00',N'Ðã Hoàn Thành',NULL),
	(5,'2024-09-26 07:50:00','2024-09-26 17:03:00',N'Ðã Hoàn Thành',NULL),
	(6,'2024-09-26 07:50:00','2024-09-26 17:03:00',N'Ðã Hoàn Thành',NULL),
	(7,'2024-09-26 07:50:00','2024-09-26 17:03:00',N'Ðã Hoàn Thành',NULL),
	(8,'2024-09-26 07:50:00','2024-09-26 17:03:00',N'Ðã Hoàn Thành',NULL),
	(9,'2024-09-26 07:50:00','2024-09-26 17:03:00',N'Ðã Hoàn Thành',NULL),
	(10,'2024-09-26 07:50:00','2024-09-26 17:03:00',N'Ðã Hoàn Thành',NULL),
	(11,'2024-09-26 07:50:00','2024-09-26 17:03:00',N'Ðã Hoàn Thành',NULL),
	(12,'2024-09-26 07:50:00','2024-09-26 17:03:00',N'Ðã Hoàn Thành',NULL),
	(13,'2024-09-26 07:50:00','2024-09-26 17:03:00',N'Ðã Hoàn Thành',NULL),
	(14,'2024-09-26 07:50:00','2024-09-26 17:03:00',N'Ðã Hoàn Thành',NULL),
	(15,'2024-09-26 07:50:00','2024-09-26 17:03:00',N'Ðã Hoàn Thành',NULL),
	(16,'2024-09-26 07:50:00','2024-09-26 17:03:00',N'Ðã Hoàn Thành',NULL),
	(17,'2024-09-26 07:50:00','2024-09-26 17:03:00',N'Ðã Hoàn Thành',NULL),
	(18,'2024-09-26 07:50:00','2024-09-26 17:03:00',N'Ðã Hoàn Thành',NULL),
	(19,'2024-09-26 07:50:00','2024-09-26 17:03:00',N'Ðã Hoàn Thành',NULL),
	(20,'2024-09-26 07:50:00','2024-09-26 17:03:00',N'Ðã Hoàn Thành',NULL),
	(21,'2024-09-26 07:50:00','2024-09-26 17:03:00',N'Ðã Hoàn Thành',NULL),
	(22,'2024-09-26 07:50:00','2024-09-26 17:03:00',N'Ðã Hoàn Thành',NULL),
	(23,'2024-09-26 07:50:00','2024-09-26 17:03:00',N'Ðã Hoàn Thành',NULL),
	(24,'2024-09-26 07:50:00','2024-09-26 17:03:00',N'Ðã Hoàn Thành',NULL),
	(25,'2024-09-26 07:50:00','2024-09-26 17:03:00',N'Ðã Hoàn Thành',NULL),
	(26,'2024-09-26 07:50:00','2024-09-26 17:03:00',N'Ðã Hoàn Thành',NULL),
	(27,'2024-09-26 07:50:00','2024-09-26 17:03:00',N'Ðã Hoàn Thành',NULL),
	(28,'2024-09-26 07:50:00','2024-09-26 17:03:00',N'Ðã Hoàn Thành',NULL),
	(29,'2024-09-26 07:50:00','2024-09-26 17:03:00',N'Ðã Hoàn Thành',NULL),
	(30,'2024-09-26 07:50:00','2024-09-26 17:03:00',N'Ðã Hoàn Thành',NULL),
	(31,'2024-09-26 07:50:00','2024-09-26 17:03:00',N'Ðã Hoàn Thành',NULL),
	(32,'2024-09-26 07:50:00','2024-09-26 17:03:00',N'Ðã Hoàn Thành',NULL),
	(33,'2024-09-26 07:50:00','2024-09-26 17:03:00',N'Ðã Hoàn Thành',NULL),
	(1,'2024-09-25 07:50:00','2024-09-25 17:03:00',N'Ðã Hoàn Thành',NULL),
	(2,'2024-09-25 07:50:00','2024-09-25 17:03:00',N'Ðã Hoàn Thành',NULL),
	(3,'2024-09-25 07:50:00','2024-09-25 17:03:00',N'Ðã Hoàn Thành',NULL),
	(4,'2024-09-25 07:50:00','2024-09-25 17:03:00',N'Ðã Hoàn Thành',NULL),
	(5,'2024-09-25 07:50:00','2024-09-25 17:03:00',N'Ðã Hoàn Thành',NULL),
	(6,'2024-09-25 07:50:00','2024-09-25 17:03:00',N'Ðã Hoàn Thành',NULL),
	(7,'2024-09-25 07:50:00','2024-09-25 17:03:00',N'Ðã Hoàn Thành',NULL),
	(8,'2024-09-25 07:50:00','2024-09-25 17:03:00',N'Ðã Hoàn Thành',NULL),
	(9,'2024-09-25 07:50:00','2024-09-25 17:03:00',N'Ðã Hoàn Thành',NULL),
	(10,'2024-09-25 07:50:00','2024-09-25 17:03:00',N'Ðã Hoàn Thành',NULL),
	(11,'2024-09-25 07:50:00','2024-09-25 17:03:00',N'Ðã Hoàn Thành',NULL),
	(12,'2024-09-25 07:50:00','2024-09-25 17:03:00',N'Ðã Hoàn Thành',NULL),
	(13,'2024-09-25 07:50:00','2024-09-25 17:03:00',N'Ðã Hoàn Thành',NULL),
	(14,'2024-09-25 07:50:00','2024-09-25 17:03:00',N'Ðã Hoàn Thành',NULL),
	(15,'2024-09-25 07:50:00','2024-09-25 17:03:00',N'Ðã Hoàn Thành',NULL),
	(16,'2024-09-25 07:50:00','2024-09-25 17:03:00',N'Ðã Hoàn Thành',NULL),
	(17,'2024-09-25 07:50:00','2024-09-25 17:03:00',N'Ðã Hoàn Thành',NULL),
	(18,'2024-09-25 07:50:00','2024-09-25 17:03:00',N'Ðã Hoàn Thành',NULL),
	(19,'2024-09-25 07:50:00','2024-09-25 17:03:00',N'Ðã Hoàn Thành',NULL),
	(20,'2024-09-25 07:50:00','2024-09-25 17:03:00',N'Ðã Hoàn Thành',NULL),
	(21,'2024-09-25 07:50:00','2024-09-25 17:03:00',N'Ðã Hoàn Thành',NULL),
	(22,'2024-09-25 07:50:00','2024-09-25 17:03:00',N'Ðã Hoàn Thành',NULL),
	(23,'2024-09-25 07:50:00','2024-09-25 17:03:00',N'Ðã Hoàn Thành',NULL),
	(24,'2024-09-25 07:50:00','2024-09-25 17:03:00',N'Ðã Hoàn Thành',NULL),
	(25,'2024-09-25 07:50:00','2024-09-25 17:03:00',N'Ðã Hoàn Thành',NULL),
	(26,'2024-09-25 07:50:00','2024-09-25 17:03:00',N'Ðã Hoàn Thành',NULL),
	(27,'2024-09-25 07:50:00','2024-09-25 17:03:00',N'Ðã Hoàn Thành',NULL),
	(28,'2024-09-25 07:50:00','2024-09-25 17:03:00',N'Ðã Hoàn Thành',NULL),
	(29,'2024-09-25 07:50:00','2024-09-25 17:03:00',N'Ðã Hoàn Thành',NULL),
	(30,'2024-09-25 07:50:00','2024-09-25 17:03:00',N'Ðã Hoàn Thành',NULL),
	(31,'2024-09-25 07:50:00','2024-09-25 17:03:00',N'Ðã Hoàn Thành',NULL),
	(32,'2024-09-25 07:50:00','2024-09-25 17:03:00',N'Ðã Hoàn Thành',NULL),
	(33,'2024-09-25 07:50:00','2024-09-25 17:03:00',N'Ðã Hoàn Thành',NULL),
	(1,'2024-09-24 07:50:00','2024-09-24 17:03:00',N'Ðã Hoàn Thành',NULL),
	(2,'2024-09-24 07:50:00','2024-09-24 17:03:00',N'Ðã Hoàn Thành',NULL),
	(3,'2024-09-24 07:50:00','2024-09-24 17:03:00',N'Ðã Hoàn Thành',NULL),
	(4,'2024-09-24 07:50:00','2024-09-24 17:03:00',N'Ðã Hoàn Thành',NULL),
	(5,'2024-09-24 07:50:00','2024-09-24 17:03:00',N'Ðã Hoàn Thành',NULL),
	(6,'2024-09-24 07:50:00','2024-09-24 17:03:00',N'Ðã Hoàn Thành',NULL),
	(7,'2024-09-24 07:50:00','2024-09-24 17:03:00',N'Ðã Hoàn Thành',NULL),
	(8,'2024-09-24 07:50:00','2024-09-24 17:03:00',N'Ðã Hoàn Thành',NULL),
	(9,'2024-09-24 07:50:00','2024-09-24 17:03:00',N'Ðã Hoàn Thành',NULL),
	(10,'2024-09-24 07:50:00','2024-09-24 17:03:00',N'Ðã Hoàn Thành',NULL),
	(11,'2024-09-24 07:50:00','2024-09-24 17:03:00',N'Ðã Hoàn Thành',NULL),
	(12,'2024-09-24 07:50:00','2024-09-24 17:03:00',N'Ðã Hoàn Thành',NULL),
	(13,'2024-09-24 07:50:00','2024-09-24 17:03:00',N'Ðã Hoàn Thành',NULL),
	(14,'2024-09-24 07:50:00','2024-09-24 17:03:00',N'Ðã Hoàn Thành',NULL),
	(15,'2024-09-24 07:50:00','2024-09-24 17:03:00',N'Ðã Hoàn Thành',NULL),
	(16,'2024-09-24 07:50:00','2024-09-24 17:03:00',N'Ðã Hoàn Thành',NULL),
	(17,'2024-09-24 07:50:00','2024-09-24 17:03:00',N'Ðã Hoàn Thành',NULL),
	(18,'2024-09-24 07:50:00','2024-09-24 17:03:00',N'Ðã Hoàn Thành',NULL),
	(19,'2024-09-24 07:50:00','2024-09-24 17:03:00',N'Ðã Hoàn Thành',NULL),
	(20,'2024-09-24 07:50:00','2024-09-24 17:03:00',N'Ðã Hoàn Thành',NULL),
	(21,'2024-09-24 07:50:00','2024-09-24 17:03:00',N'Ðã Hoàn Thành',NULL),
	(22,'2024-09-24 07:50:00','2024-09-24 17:03:00',N'Ðã Hoàn Thành',NULL),
	(23,'2024-09-24 07:50:00','2024-09-24 17:03:00',N'Ðã Hoàn Thành',NULL),
	(24,'2024-09-24 07:50:00','2024-09-24 17:03:00',N'Ðã Hoàn Thành',NULL),
	(25,'2024-09-24 07:50:00','2024-09-24 17:03:00',N'Ðã Hoàn Thành',NULL),
	(26,'2024-09-24 07:50:00','2024-09-24 17:03:00',N'Ðã Hoàn Thành',NULL),
	(27,'2024-09-24 07:50:00','2024-09-24 17:03:00',N'Ðã Hoàn Thành',NULL),
	(28,'2024-09-24 07:50:00','2024-09-24 17:03:00',N'Ðã Hoàn Thành',NULL),
	(29,'2024-09-24 07:50:00','2024-09-24 17:03:00',N'Ðã Hoàn Thành',NULL),
	(30,'2024-09-24 07:50:00','2024-09-24 17:03:00',N'Ðã Hoàn Thành',NULL),
	(31,'2024-09-24 07:50:00','2024-09-24 17:03:00',N'Ðã Hoàn Thành',NULL),
	(32,'2024-09-24 07:50:00','2024-09-24 17:03:00',N'Ðã Hoàn Thành',NULL),
	(33,'2024-09-24 07:50:00','2024-09-24 17:03:00',N'Ðã Hoàn Thành',NULL),
	(1,'2024-09-23 07:50:00','2024-09-23 17:03:00',N'Ðã Hoàn Thành',NULL),
	(2,'2024-09-23 07:50:00','2024-09-23 17:03:00',N'Ðã Hoàn Thành',NULL),
	(3,'2024-09-23 07:50:00','2024-09-23 17:03:00',N'Ðã Hoàn Thành',NULL),
	(4,'2024-09-23 07:50:00','2024-09-23 17:03:00',N'Ðã Hoàn Thành',NULL),
	(5,'2024-09-23 07:50:00','2024-09-23 17:03:00',N'Ðã Hoàn Thành',NULL),
	(6,'2024-09-23 07:50:00','2024-09-23 17:03:00',N'Ðã Hoàn Thành',NULL),
	(7,'2024-09-23 07:50:00','2024-09-23 17:03:00',N'Ðã Hoàn Thành',NULL),
	(8,'2024-09-23 07:50:00','2024-09-23 17:03:00',N'Ðã Hoàn Thành',NULL),
	(9,'2024-09-23 07:50:00','2024-09-23 17:03:00',N'Ðã Hoàn Thành',NULL),
	(10,'2024-09-23 07:50:00','2024-09-23 17:03:00',N'Ðã Hoàn Thành',NULL),
	(11,'2024-09-23 07:50:00','2024-09-23 17:03:00',N'Ðã Hoàn Thành',NULL),
	(12,'2024-09-23 07:50:00','2024-09-23 17:03:00',N'Ðã Hoàn Thành',NULL),
	(13,'2024-09-23 07:50:00','2024-09-23 17:03:00',N'Ðã Hoàn Thành',NULL),
	(14,'2024-09-23 07:50:00','2024-09-23 17:03:00',N'Ðã Hoàn Thành',NULL),
	(15,'2024-09-23 07:50:00','2024-09-23 17:03:00',N'Ðã Hoàn Thành',NULL),
	(16,'2024-09-23 07:50:00','2024-09-23 17:03:00',N'Ðã Hoàn Thành',NULL),
	(17,'2024-09-23 07:50:00','2024-09-23 17:03:00',N'Ðã Hoàn Thành',NULL),
	(18,'2024-09-23 07:50:00','2024-09-23 17:03:00',N'Ðã Hoàn Thành',NULL),
	(19,'2024-09-23 07:50:00','2024-09-23 17:03:00',N'Ðã Hoàn Thành',NULL),
	(20,'2024-09-23 07:50:00','2024-09-23 17:03:00',N'Ðã Hoàn Thành',NULL),
	(21,'2024-09-23 07:50:00','2024-09-23 17:03:00',N'Ðã Hoàn Thành',NULL),
	(22,'2024-09-23 07:50:00','2024-09-23 17:03:00',N'Ðã Hoàn Thành',NULL),
	(23,'2024-09-23 07:50:00','2024-09-23 17:03:00',N'Ðã Hoàn Thành',NULL),
	(24,'2024-09-23 07:50:00','2024-09-23 17:03:00',N'Ðã Hoàn Thành',NULL),
	(25,'2024-09-23 07:50:00','2024-09-23 17:03:00',N'Ðã Hoàn Thành',NULL),
	(26,'2024-09-23 07:50:00','2024-09-23 17:03:00',N'Ðã Hoàn Thành',NULL),
	(27,'2024-09-23 07:50:00','2024-09-23 17:03:00',N'Ðã Hoàn Thành',NULL),
	(28,'2024-09-23 07:50:00','2024-09-23 17:03:00',N'Ðã Hoàn Thành',NULL),
	(29,'2024-09-23 07:50:00','2024-09-23 17:03:00',N'Ðã Hoàn Thành',NULL),
	(30,'2024-09-23 07:50:00','2024-09-23 17:03:00',N'Ðã Hoàn Thành',NULL),
	(31,'2024-09-23 07:50:00','2024-09-23 17:03:00',N'Ðã Hoàn Thành',NULL),
	(32,'2024-09-23 07:50:00','2024-09-23 17:03:00',N'Ðã Hoàn Thành',NULL),
	(33,'2024-09-23 07:50:00','2024-09-23 17:03:00',N'Ðã Hoàn Thành',NULL),
	(1,'2024-09-22 07:50:00','2024-09-22 17:03:00',N'Ðã Hoàn Thành',NULL),
	(2,'2024-09-22 07:50:00','2024-09-22 17:03:00',N'Ðã Hoàn Thành',NULL),
	(3,'2024-09-22 07:50:00','2024-09-22 17:03:00',N'Ðã Hoàn Thành',NULL),
	(4,'2024-09-22 07:50:00','2024-09-22 17:03:00',N'Ðã Hoàn Thành',NULL),
	(5,'2024-09-22 07:50:00','2024-09-22 17:03:00',N'Ðã Hoàn Thành',NULL),
	(6,'2024-09-22 07:50:00','2024-09-22 17:03:00',N'Ðã Hoàn Thành',NULL),
	(7,'2024-09-22 07:50:00','2024-09-22 17:03:00',N'Ðã Hoàn Thành',NULL),
	(8,'2024-09-22 07:50:00','2024-09-22 17:03:00',N'Ðã Hoàn Thành',NULL),
	(9,'2024-09-22 07:50:00','2024-09-22 17:03:00',N'Ðã Hoàn Thành',NULL),
	(10,'2024-09-22 07:50:00','2024-09-22 17:03:00',N'Ðã Hoàn Thành',NULL),
	(11,'2024-09-22 07:50:00','2024-09-22 17:03:00',N'Ðã Hoàn Thành',NULL),
	(12,'2024-09-22 07:50:00','2024-09-22 17:03:00',N'Ðã Hoàn Thành',NULL),
	(13,'2024-09-22 07:50:00','2024-09-22 17:03:00',N'Ðã Hoàn Thành',NULL),
	(14,'2024-09-22 07:50:00','2024-09-22 17:03:00',N'Ðã Hoàn Thành',NULL),
	(15,'2024-09-22 07:50:00','2024-09-22 17:03:00',N'Ðã Hoàn Thành',NULL),
	(16,'2024-09-22 07:50:00','2024-09-22 17:03:00',N'Ðã Hoàn Thành',NULL),
	(17,'2024-09-22 07:50:00','2024-09-22 17:03:00',N'Ðã Hoàn Thành',NULL),
	(18,'2024-09-22 07:50:00','2024-09-22 17:03:00',N'Ðã Hoàn Thành',NULL),
	(19,'2024-09-22 07:50:00','2024-09-22 17:03:00',N'Ðã Hoàn Thành',NULL),
	(20,'2024-09-22 07:50:00','2024-09-22 17:03:00',N'Ðã Hoàn Thành',NULL),
	(21,'2024-09-22 07:50:00','2024-09-22 17:03:00',N'Ðã Hoàn Thành',NULL),
	(22,'2024-09-22 07:50:00','2024-09-22 17:03:00',N'Ðã Hoàn Thành',NULL),
	(23,'2024-09-22 07:50:00','2024-09-22 17:03:00',N'Ðã Hoàn Thành',NULL),
	(24,'2024-09-22 07:50:00','2024-09-22 17:03:00',N'Ðã Hoàn Thành',NULL),
	(25,'2024-09-22 07:50:00','2024-09-22 17:03:00',N'Ðã Hoàn Thành',NULL),
	(26,'2024-09-22 07:50:00','2024-09-22 17:03:00',N'Ðã Hoàn Thành',NULL),
	(27,'2024-09-22 07:50:00','2024-09-22 17:03:00',N'Ðã Hoàn Thành',NULL),
	(28,'2024-09-22 07:50:00','2024-09-22 17:03:00',N'Ðã Hoàn Thành',NULL),
	(29,'2024-09-22 07:50:00','2024-09-22 17:03:00',N'Ðã Hoàn Thành',NULL),
	(30,'2024-09-22 07:50:00','2024-09-22 17:03:00',N'Ðã Hoàn Thành',NULL),
	(31,'2024-09-22 07:50:00','2024-09-22 17:03:00',N'Ðã Hoàn Thành',NULL),
	(32,'2024-09-22 07:50:00','2024-09-22 17:03:00',N'Ðã Hoàn Thành',NULL),
	(33,'2024-09-22 07:50:00','2024-09-22 17:03:00',N'Ðã Hoàn Thành',NULL),
	(1,'2024-09-21 07:50:00','2024-09-21 17:03:00',N'Ðã Hoàn Thành',NULL),
	(2,'2024-09-21 07:50:00','2024-09-21 17:03:00',N'Ðã Hoàn Thành',NULL),
	(3,'2024-09-21 07:50:00','2024-09-21 17:03:00',N'Ðã Hoàn Thành',NULL),
	(4,'2024-09-21 07:50:00','2024-09-21 17:03:00',N'Ðã Hoàn Thành',NULL),
	(5,'2024-09-21 07:50:00','2024-09-21 17:03:00',N'Ðã Hoàn Thành',NULL),
	(6,'2024-09-21 07:50:00','2024-09-21 17:03:00',N'Ðã Hoàn Thành',NULL),
	(7,'2024-09-21 07:50:00','2024-09-21 17:03:00',N'Ðã Hoàn Thành',NULL),
	(8,'2024-09-21 07:50:00','2024-09-21 17:03:00',N'Ðã Hoàn Thành',NULL),
	(9,'2024-09-21 07:50:00','2024-09-21 17:03:00',N'Ðã Hoàn Thành',NULL),
	(10,'2024-09-21 07:50:00','2024-09-21 17:03:00',N'Ðã Hoàn Thành',NULL),
	(11,'2024-09-21 07:50:00','2024-09-21 17:03:00',N'Ðã Hoàn Thành',NULL),
	(12,'2024-09-21 07:50:00','2024-09-21 17:03:00',N'Ðã Hoàn Thành',NULL),
	(13,'2024-09-21 07:50:00','2024-09-21 17:03:00',N'Ðã Hoàn Thành',NULL),
	(14,'2024-09-21 07:50:00','2024-09-21 17:03:00',N'Ðã Hoàn Thành',NULL),
	(15,'2024-09-21 07:50:00','2024-09-21 17:03:00',N'Ðã Hoàn Thành',NULL),
	(16,'2024-09-21 07:50:00','2024-09-21 17:03:00',N'Ðã Hoàn Thành',NULL),
	(17,'2024-09-21 07:50:00','2024-09-21 17:03:00',N'Ðã Hoàn Thành',NULL),
	(18,'2024-09-21 07:50:00','2024-09-21 17:03:00',N'Ðã Hoàn Thành',NULL),
	(19,'2024-09-21 07:50:00','2024-09-21 17:03:00',N'Ðã Hoàn Thành',NULL),
	(20,'2024-09-21 07:50:00','2024-09-21 17:03:00',N'Ðã Hoàn Thành',NULL),
	(21,'2024-09-21 07:50:00','2024-09-21 17:03:00',N'Ðã Hoàn Thành',NULL),
	(22,'2024-09-21 07:50:00','2024-09-21 17:03:00',N'Ðã Hoàn Thành',NULL),
	(23,'2024-09-21 07:50:00','2024-09-21 17:03:00',N'Ðã Hoàn Thành',NULL),
	(24,'2024-09-21 07:50:00','2024-09-21 17:03:00',N'Ðã Hoàn Thành',NULL),
	(25,'2024-09-21 07:50:00','2024-09-21 17:03:00',N'Ðã Hoàn Thành',NULL),
	(26,'2024-09-21 07:50:00','2024-09-21 17:03:00',N'Ðã Hoàn Thành',NULL),
	(27,'2024-09-21 07:50:00','2024-09-21 17:03:00',N'Ðã Hoàn Thành',NULL),
	(28,'2024-09-21 07:50:00','2024-09-21 17:03:00',N'Ðã Hoàn Thành',NULL),
	(29,'2024-09-21 07:50:00','2024-09-21 17:03:00',N'Ðã Hoàn Thành',NULL),
	(30,'2024-09-21 07:50:00','2024-09-21 17:03:00',N'Ðã Hoàn Thành',NULL),
	(31,'2024-09-21 07:50:00','2024-09-21 17:03:00',N'Ðã Hoàn Thành',NULL),
	(32,'2024-09-21 07:50:00','2024-09-21 17:03:00',N'Ðã Hoàn Thành',NULL),
	(33,'2024-09-21 07:50:00','2024-09-21 17:03:00',N'Ðã Hoàn Thành',NULL),
	(1,'2024-09-20 07:50:00','2024-09-20 17:03:00',N'Ðã Hoàn Thành',NULL),
	(2,'2024-09-20 07:50:00','2024-09-20 17:03:00',N'Ðã Hoàn Thành',NULL),
	(3,'2024-09-20 07:50:00','2024-09-20 17:03:00',N'Ðã Hoàn Thành',NULL),
	(4,'2024-09-20 07:50:00','2024-09-20 17:03:00',N'Ðã Hoàn Thành',NULL),
	(5,'2024-09-20 07:50:00','2024-09-20 17:03:00',N'Ðã Hoàn Thành',NULL),
	(6,'2024-09-20 07:50:00','2024-09-20 17:03:00',N'Ðã Hoàn Thành',NULL),
	(7,'2024-09-20 07:50:00','2024-09-20 17:03:00',N'Ðã Hoàn Thành',NULL),
	(8,'2024-09-20 07:50:00','2024-09-20 17:03:00',N'Ðã Hoàn Thành',NULL),
	(9,'2024-09-20 07:50:00','2024-09-20 17:03:00',N'Ðã Hoàn Thành',NULL),
	(10,'2024-09-20 07:50:00','2024-09-20 17:03:00',N'Ðã Hoàn Thành',NULL),
	(11,'2024-09-20 07:50:00','2024-09-20 17:03:00',N'Ðã Hoàn Thành',NULL),
	(12,'2024-09-20 07:50:00','2024-09-20 17:03:00',N'Ðã Hoàn Thành',NULL),
	(13,'2024-09-20 07:50:00','2024-09-20 17:03:00',N'Ðã Hoàn Thành',NULL),
	(14,'2024-09-20 07:50:00','2024-09-20 17:03:00',N'Ðã Hoàn Thành',NULL),
	(15,'2024-09-20 07:50:00','2024-09-20 17:03:00',N'Ðã Hoàn Thành',NULL),
	(16,'2024-09-20 07:50:00','2024-09-20 17:03:00',N'Ðã Hoàn Thành',NULL),
	(17,'2024-09-20 07:50:00','2024-09-20 17:03:00',N'Ðã Hoàn Thành',NULL),
	(18,'2024-09-20 07:50:00','2024-09-20 17:03:00',N'Ðã Hoàn Thành',NULL),
	(19,'2024-09-20 07:50:00','2024-09-20 17:03:00',N'Ðã Hoàn Thành',NULL),
	(20,'2024-09-20 07:50:00','2024-09-20 17:03:00',N'Ðã Hoàn Thành',NULL),
	(21,'2024-09-20 07:50:00','2024-09-20 17:03:00',N'Ðã Hoàn Thành',NULL),
	(22,'2024-09-20 07:50:00','2024-09-20 17:03:00',N'Ðã Hoàn Thành',NULL),
	(23,'2024-09-20 07:50:00','2024-09-20 17:03:00',N'Ðã Hoàn Thành',NULL),
	(24,'2024-09-20 07:50:00','2024-09-20 17:03:00',N'Ðã Hoàn Thành',NULL),
	(25,'2024-09-20 07:50:00','2024-09-20 17:03:00',N'Ðã Hoàn Thành',NULL),
	(26,'2024-09-20 07:50:00','2024-09-20 17:03:00',N'Ðã Hoàn Thành',NULL),
	(27,'2024-09-20 07:50:00','2024-09-20 17:03:00',N'Ðã Hoàn Thành',NULL),
	(28,'2024-09-20 07:50:00','2024-09-20 17:03:00',N'Ðã Hoàn Thành',NULL),
	(29,'2024-09-20 07:50:00','2024-09-20 17:03:00',N'Ðã Hoàn Thành',NULL),
	(30,'2024-09-20 07:50:00','2024-09-20 17:03:00',N'Ðã Hoàn Thành',NULL),
	(31,'2024-09-20 07:50:00','2024-09-20 17:03:00',N'Ðã Hoàn Thành',NULL),
	(32,'2024-09-20 07:50:00','2024-09-20 17:03:00',N'Ðã Hoàn Thành',NULL),
	(33,'2024-09-20 07:50:00','2024-09-20 17:03:00',N'Ðã Hoàn Thành',NULL),
	(1,'2024-09-19 07:50:00','2024-09-19 17:03:00',N'Ðã Hoàn Thành',NULL),
	(2,'2024-09-19 07:50:00','2024-09-19 17:03:00',N'Ðã Hoàn Thành',NULL),
	(3,'2024-09-19 07:50:00','2024-09-19 17:03:00',N'Ðã Hoàn Thành',NULL),
	(4,'2024-09-19 07:50:00','2024-09-19 17:03:00',N'Ðã Hoàn Thành',NULL),
	(5,'2024-09-19 07:50:00','2024-09-19 17:03:00',N'Ðã Hoàn Thành',NULL),
	(6,'2024-09-19 07:50:00','2024-09-19 17:03:00',N'Ðã Hoàn Thành',NULL),
	(7,'2024-09-19 07:50:00','2024-09-19 17:03:00',N'Ðã Hoàn Thành',NULL),
	(8,'2024-09-19 07:50:00','2024-09-19 17:03:00',N'Ðã Hoàn Thành',NULL),
	(9,'2024-09-19 07:50:00','2024-09-19 17:03:00',N'Ðã Hoàn Thành',NULL),
	(10,'2024-09-19 07:50:00','2024-09-19 17:03:00',N'Ðã Hoàn Thành',NULL),
	(11,'2024-09-19 07:50:00','2024-09-19 17:03:00',N'Ðã Hoàn Thành',NULL),
	(12,'2024-09-19 07:50:00','2024-09-19 17:03:00',N'Ðã Hoàn Thành',NULL),
	(13,'2024-09-19 07:50:00','2024-09-19 17:03:00',N'Ðã Hoàn Thành',NULL),
	(14,'2024-09-19 07:50:00','2024-09-19 17:03:00',N'Ðã Hoàn Thành',NULL),
	(15,'2024-09-19 07:50:00','2024-09-19 17:03:00',N'Ðã Hoàn Thành',NULL),
	(16,'2024-09-19 07:50:00','2024-09-19 17:03:00',N'Ðã Hoàn Thành',NULL),
	(17,'2024-09-19 07:50:00','2024-09-19 17:03:00',N'Ðã Hoàn Thành',NULL),
	(18,'2024-09-19 07:50:00','2024-09-19 17:03:00',N'Ðã Hoàn Thành',NULL),
	(19,'2024-09-19 07:50:00','2024-09-19 17:03:00',N'Ðã Hoàn Thành',NULL),
	(20,'2024-09-19 07:50:00','2024-09-19 17:03:00',N'Ðã Hoàn Thành',NULL),
	(21,'2024-09-19 07:50:00','2024-09-19 17:03:00',N'Ðã Hoàn Thành',NULL),
	(22,'2024-09-19 07:50:00','2024-09-19 17:03:00',N'Ðã Hoàn Thành',NULL),
	(23,'2024-09-19 07:50:00','2024-09-19 17:03:00',N'Ðã Hoàn Thành',NULL),
	(24,'2024-09-19 07:50:00','2024-09-19 17:03:00',N'Ðã Hoàn Thành',NULL),
	(25,'2024-09-19 07:50:00','2024-09-19 17:03:00',N'Ðã Hoàn Thành',NULL),
	(26,'2024-09-19 07:50:00','2024-09-19 17:03:00',N'Ðã Hoàn Thành',NULL),
	(27,'2024-09-19 07:50:00','2024-09-19 17:03:00',N'Ðã Hoàn Thành',NULL),
	(28,'2024-09-19 07:50:00','2024-09-19 17:03:00',N'Ðã Hoàn Thành',NULL),
	(29,'2024-09-19 07:50:00','2024-09-19 17:03:00',N'Ðã Hoàn Thành',NULL),
	(30,'2024-09-19 07:50:00','2024-09-19 17:03:00',N'Ðã Hoàn Thành',NULL),
	(31,'2024-09-19 07:50:00','2024-09-19 17:03:00',N'Ðã Hoàn Thành',NULL),
	(32,'2024-09-19 07:50:00','2024-09-19 17:03:00',N'Ðã Hoàn Thành',NULL),
	(33,'2024-09-19 07:50:00','2024-09-19 17:03:00',N'Ðã Hoàn Thành',NULL),
	(1,'2024-09-18 07:50:00','2024-09-18 17:03:00',N'Ðã Hoàn Thành',NULL),
	(2,'2024-09-18 07:50:00','2024-09-18 17:03:00',N'Ðã Hoàn Thành',NULL),
	(3,'2024-09-18 07:50:00','2024-09-18 17:03:00',N'Ðã Hoàn Thành',NULL),
	(4,'2024-09-18 07:50:00','2024-09-18 17:03:00',N'Ðã Hoàn Thành',NULL),
	(5,'2024-09-18 07:50:00','2024-09-18 17:03:00',N'Ðã Hoàn Thành',NULL),
	(6,'2024-09-18 07:50:00','2024-09-18 17:03:00',N'Ðã Hoàn Thành',NULL),
	(7,'2024-09-18 07:50:00','2024-09-18 17:03:00',N'Ðã Hoàn Thành',NULL),
	(8,'2024-09-18 07:50:00','2024-09-18 17:03:00',N'Ðã Hoàn Thành',NULL),
	(9,'2024-09-18 07:50:00','2024-09-18 17:03:00',N'Ðã Hoàn Thành',NULL),
	(10,'2024-09-18 07:50:00','2024-09-18 17:03:00',N'Ðã Hoàn Thành',NULL),
	(11,'2024-09-18 07:50:00','2024-09-18 17:03:00',N'Ðã Hoàn Thành',NULL),
	(12,'2024-09-18 07:50:00','2024-09-18 17:03:00',N'Ðã Hoàn Thành',NULL),
	(13,'2024-09-18 07:50:00','2024-09-18 17:03:00',N'Ðã Hoàn Thành',NULL),
	(14,'2024-09-18 07:50:00','2024-09-18 17:03:00',N'Ðã Hoàn Thành',NULL),
	(15,'2024-09-18 07:50:00','2024-09-18 17:03:00',N'Ðã Hoàn Thành',NULL),
	(16,'2024-09-18 07:50:00','2024-09-18 17:03:00',N'Ðã Hoàn Thành',NULL),
	(17,'2024-09-18 07:50:00','2024-09-18 17:03:00',N'Ðã Hoàn Thành',NULL),
	(18,'2024-09-18 07:50:00','2024-09-18 17:03:00',N'Ðã Hoàn Thành',NULL),
	(19,'2024-09-18 07:50:00','2024-09-18 17:03:00',N'Ðã Hoàn Thành',NULL),
	(20,'2024-09-18 07:50:00','2024-09-18 17:03:00',N'Ðã Hoàn Thành',NULL),
	(21,'2024-09-18 07:50:00','2024-09-18 17:03:00',N'Ðã Hoàn Thành',NULL),
	(22,'2024-09-18 07:50:00','2024-09-18 17:03:00',N'Ðã Hoàn Thành',NULL),
	(23,'2024-09-18 07:50:00','2024-09-18 17:03:00',N'Ðã Hoàn Thành',NULL),
	(24,'2024-09-18 07:50:00','2024-09-18 17:03:00',N'Ðã Hoàn Thành',NULL),
	(25,'2024-09-18 07:50:00','2024-09-18 17:03:00',N'Ðã Hoàn Thành',NULL),
	(26,'2024-09-18 07:50:00','2024-09-18 17:03:00',N'Ðã Hoàn Thành',NULL),
	(27,'2024-09-18 07:50:00','2024-09-18 17:03:00',N'Ðã Hoàn Thành',NULL),
	(28,'2024-09-18 07:50:00','2024-09-18 17:03:00',N'Ðã Hoàn Thành',NULL),
	(29,'2024-09-18 07:50:00','2024-09-18 17:03:00',N'Ðã Hoàn Thành',NULL),
	(30,'2024-09-18 07:50:00','2024-09-18 17:03:00',N'Ðã Hoàn Thành',NULL),
	(31,'2024-09-18 07:50:00','2024-09-18 17:03:00',N'Ðã Hoàn Thành',NULL),
	(32,'2024-09-18 07:50:00','2024-09-18 17:03:00',N'Ðã Hoàn Thành',NULL),
	(33,'2024-09-18 07:50:00','2024-09-18 17:03:00',N'Ðã Hoàn Thành',NULL),
	(1,'2024-09-17 07:50:00','2024-09-17 17:03:00',N'Ðã Hoàn Thành',NULL),
	(2,'2024-09-17 07:50:00','2024-09-17 17:03:00',N'Ðã Hoàn Thành',NULL),
	(3,'2024-09-17 07:50:00','2024-09-17 17:03:00',N'Ðã Hoàn Thành',NULL),
	(4,'2024-09-17 07:50:00','2024-09-17 17:03:00',N'Ðã Hoàn Thành',NULL),
	(5,'2024-09-17 07:50:00','2024-09-17 17:03:00',N'Ðã Hoàn Thành',NULL),
	(6,'2024-09-17 07:50:00','2024-09-17 17:03:00',N'Ðã Hoàn Thành',NULL),
	(7,'2024-09-17 07:50:00','2024-09-17 17:03:00',N'Ðã Hoàn Thành',NULL),
	(8,'2024-09-17 07:50:00','2024-09-17 17:03:00',N'Ðã Hoàn Thành',NULL),
	(9,'2024-09-17 07:50:00','2024-09-17 17:03:00',N'Ðã Hoàn Thành',NULL),
	(10,'2024-09-17 07:50:00','2024-09-17 17:03:00',N'Ðã Hoàn Thành',NULL),
	(11,'2024-09-17 07:50:00','2024-09-17 17:03:00',N'Ðã Hoàn Thành',NULL),
	(12,'2024-09-17 07:50:00','2024-09-17 17:03:00',N'Ðã Hoàn Thành',NULL),
	(13,'2024-09-17 07:50:00','2024-09-17 17:03:00',N'Ðã Hoàn Thành',NULL),
	(14,'2024-09-17 07:50:00','2024-09-17 17:03:00',N'Ðã Hoàn Thành',NULL),
	(15,'2024-09-17 07:50:00','2024-09-17 17:03:00',N'Ðã Hoàn Thành',NULL),
	(16,'2024-09-17 07:50:00','2024-09-17 17:03:00',N'Ðã Hoàn Thành',NULL),
	(17,'2024-09-17 07:50:00','2024-09-17 17:03:00',N'Ðã Hoàn Thành',NULL),
	(18,'2024-09-17 07:50:00','2024-09-17 17:03:00',N'Ðã Hoàn Thành',NULL),
	(19,'2024-09-17 07:50:00','2024-09-17 17:03:00',N'Ðã Hoàn Thành',NULL),
	(20,'2024-09-17 07:50:00','2024-09-17 17:03:00',N'Ðã Hoàn Thành',NULL),
	(21,'2024-09-17 07:50:00','2024-09-17 17:03:00',N'Ðã Hoàn Thành',NULL),
	(22,'2024-09-17 07:50:00','2024-09-17 17:03:00',N'Ðã Hoàn Thành',NULL),
	(23,'2024-09-17 07:50:00','2024-09-17 17:03:00',N'Ðã Hoàn Thành',NULL),
	(24,'2024-09-17 07:50:00','2024-09-17 17:03:00',N'Ðã Hoàn Thành',NULL),
	(25,'2024-09-17 07:50:00','2024-09-17 17:03:00',N'Ðã Hoàn Thành',NULL),
	(26,'2024-09-17 07:50:00','2024-09-17 17:03:00',N'Ðã Hoàn Thành',NULL),
	(27,'2024-09-17 07:50:00','2024-09-17 17:03:00',N'Ðã Hoàn Thành',NULL),
	(28,'2024-09-17 07:50:00','2024-09-17 17:03:00',N'Ðã Hoàn Thành',NULL),
	(29,'2024-09-17 07:50:00','2024-09-17 17:03:00',N'Ðã Hoàn Thành',NULL),
	(30,'2024-09-17 07:50:00','2024-09-17 17:03:00',N'Ðã Hoàn Thành',NULL),
	(31,'2024-09-17 07:50:00','2024-09-17 17:03:00',N'Ðã Hoàn Thành',NULL),
	(32,'2024-09-17 07:50:00','2024-09-17 17:03:00',N'Ðã Hoàn Thành',NULL),
	(33,'2024-09-17 07:50:00','2024-09-17 17:03:00',N'Ðã Hoàn Thành',NULL),
	(1,'2024-09-16 07:50:00','2024-09-16 17:03:00',N'Ðã Hoàn Thành',NULL),
	(2,'2024-09-16 07:50:00','2024-09-16 17:03:00',N'Ðã Hoàn Thành',NULL),
	(3,'2024-09-16 07:50:00','2024-09-16 17:03:00',N'Ðã Hoàn Thành',NULL),
	(4,'2024-09-16 07:50:00','2024-09-16 17:03:00',N'Ðã Hoàn Thành',NULL),
	(5,'2024-09-16 07:50:00','2024-09-16 17:03:00',N'Ðã Hoàn Thành',NULL),
	(6,'2024-09-16 07:50:00','2024-09-16 17:03:00',N'Ðã Hoàn Thành',NULL),
	(7,'2024-09-16 07:50:00','2024-09-16 17:03:00',N'Ðã Hoàn Thành',NULL),
	(8,'2024-09-16 07:50:00','2024-09-16 17:03:00',N'Ðã Hoàn Thành',NULL),
	(9,'2024-09-16 07:50:00','2024-09-16 17:03:00',N'Ðã Hoàn Thành',NULL),
	(10,'2024-09-16 07:50:00','2024-09-16 17:03:00',N'Ðã Hoàn Thành',NULL),
	(11,'2024-09-16 07:50:00','2024-09-16 17:03:00',N'Ðã Hoàn Thành',NULL),
	(12,'2024-09-16 07:50:00','2024-09-16 17:03:00',N'Ðã Hoàn Thành',NULL),
	(13,'2024-09-16 07:50:00','2024-09-16 17:03:00',N'Ðã Hoàn Thành',NULL),
	(14,'2024-09-16 07:50:00','2024-09-16 17:03:00',N'Ðã Hoàn Thành',NULL),
	(15,'2024-09-16 07:50:00','2024-09-16 17:03:00',N'Ðã Hoàn Thành',NULL),
	(16,'2024-09-16 07:50:00','2024-09-16 17:03:00',N'Ðã Hoàn Thành',NULL),
	(17,'2024-09-16 07:50:00','2024-09-16 17:03:00',N'Ðã Hoàn Thành',NULL),
	(18,'2024-09-16 07:50:00','2024-09-16 17:03:00',N'Ðã Hoàn Thành',NULL),
	(19,'2024-09-16 07:50:00','2024-09-16 17:03:00',N'Ðã Hoàn Thành',NULL),
	(20,'2024-09-16 07:50:00','2024-09-16 17:03:00',N'Ðã Hoàn Thành',NULL),
	(21,'2024-09-16 07:50:00','2024-09-16 17:03:00',N'Ðã Hoàn Thành',NULL),
	(22,'2024-09-16 07:50:00','2024-09-16 17:03:00',N'Ðã Hoàn Thành',NULL),
	(23,'2024-09-16 07:50:00','2024-09-16 17:03:00',N'Ðã Hoàn Thành',NULL),
	(24,'2024-09-16 07:50:00','2024-09-16 17:03:00',N'Ðã Hoàn Thành',NULL),
	(25,'2024-09-16 07:50:00','2024-09-16 17:03:00',N'Ðã Hoàn Thành',NULL),
	(26,'2024-09-16 07:50:00','2024-09-16 17:03:00',N'Ðã Hoàn Thành',NULL),
	(27,'2024-09-16 07:50:00','2024-09-16 17:03:00',N'Ðã Hoàn Thành',NULL),
	(28,'2024-09-16 07:50:00','2024-09-16 17:03:00',N'Ðã Hoàn Thành',NULL),
	(29,'2024-09-16 07:50:00','2024-09-16 17:03:00',N'Ðã Hoàn Thành',NULL),
	(30,'2024-09-16 07:50:00','2024-09-16 17:03:00',N'Ðã Hoàn Thành',NULL),
	(31,'2024-09-16 07:50:00','2024-09-16 17:03:00',N'Ðã Hoàn Thành',NULL),
	(32,'2024-09-16 07:50:00','2024-09-16 17:03:00',N'Ðã Hoàn Thành',NULL),
	(33,'2024-09-16 07:50:00','2024-09-16 17:03:00',N'Ðã Hoàn Thành',NULL),
	(1,'2024-09-15 07:50:00','2024-09-15 17:03:00',N'Ðã Hoàn Thành',NULL),
	(2,'2024-09-15 07:50:00','2024-09-15 17:03:00',N'Ðã Hoàn Thành',NULL),
	(3,'2024-09-15 07:50:00','2024-09-15 17:03:00',N'Ðã Hoàn Thành',NULL),
	(4,'2024-09-15 07:50:00','2024-09-15 17:03:00',N'Ðã Hoàn Thành',NULL),
	(5,'2024-09-15 07:50:00','2024-09-15 17:03:00',N'Ðã Hoàn Thành',NULL),
	(6,'2024-09-15 07:50:00','2024-09-15 17:03:00',N'Ðã Hoàn Thành',NULL),
	(7,'2024-09-15 07:50:00','2024-09-15 17:03:00',N'Ðã Hoàn Thành',NULL),
	(8,'2024-09-15 07:50:00','2024-09-15 17:03:00',N'Ðã Hoàn Thành',NULL),
	(9,'2024-09-15 07:50:00','2024-09-15 17:03:00',N'Ðã Hoàn Thành',NULL),
	(10,'2024-09-15 07:50:00','2024-09-15 17:03:00',N'Ðã Hoàn Thành',NULL),
	(11,'2024-09-15 07:50:00','2024-09-15 17:03:00',N'Ðã Hoàn Thành',NULL),
	(12,'2024-09-15 07:50:00','2024-09-15 17:03:00',N'Ðã Hoàn Thành',NULL),
	(13,'2024-09-15 07:50:00','2024-09-15 17:03:00',N'Ðã Hoàn Thành',NULL),
	(14,'2024-09-15 07:50:00','2024-09-15 17:03:00',N'Ðã Hoàn Thành',NULL),
	(15,'2024-09-15 07:50:00','2024-09-15 17:03:00',N'Ðã Hoàn Thành',NULL),
	(16,'2024-09-15 07:50:00','2024-09-15 17:03:00',N'Ðã Hoàn Thành',NULL),
	(17,'2024-09-15 07:50:00','2024-09-15 17:03:00',N'Ðã Hoàn Thành',NULL),
	(18,'2024-09-15 07:50:00','2024-09-15 17:03:00',N'Ðã Hoàn Thành',NULL),
	(19,'2024-09-15 07:50:00','2024-09-15 17:03:00',N'Ðã Hoàn Thành',NULL),
	(20,'2024-09-15 07:50:00','2024-09-15 17:03:00',N'Ðã Hoàn Thành',NULL),
	(21,'2024-09-15 07:50:00','2024-09-15 17:03:00',N'Ðã Hoàn Thành',NULL),
	(22,'2024-09-15 07:50:00','2024-09-15 17:03:00',N'Ðã Hoàn Thành',NULL),
	(23,'2024-09-15 07:50:00','2024-09-15 17:03:00',N'Ðã Hoàn Thành',NULL),
	(24,'2024-09-15 07:50:00','2024-09-15 17:03:00',N'Ðã Hoàn Thành',NULL),
	(25,'2024-09-15 07:50:00','2024-09-15 17:03:00',N'Ðã Hoàn Thành',NULL),
	(26,'2024-09-15 07:50:00','2024-09-15 17:03:00',N'Ðã Hoàn Thành',NULL),
	(27,'2024-09-15 07:50:00','2024-09-15 17:03:00',N'Ðã Hoàn Thành',NULL),
	(28,'2024-09-15 07:50:00','2024-09-15 17:03:00',N'Ðã Hoàn Thành',NULL),
	(29,'2024-09-15 07:50:00','2024-09-15 17:03:00',N'Ðã Hoàn Thành',NULL),
	(30,'2024-09-15 07:50:00','2024-09-15 17:03:00',N'Ðã Hoàn Thành',NULL),
	(31,'2024-09-15 07:50:00','2024-09-15 17:03:00',N'Ðã Hoàn Thành',NULL),
	(32,'2024-09-15 07:50:00','2024-09-15 17:03:00',N'Ðã Hoàn Thành',NULL),
	(33,'2024-09-15 07:50:00','2024-09-15 17:03:00',N'Ðã Hoàn Thành',NULL),
	(1,'2024-09-14 07:50:00','2024-09-14 17:03:00',N'Ðã Hoàn Thành',NULL),
	(2,'2024-09-14 07:50:00','2024-09-14 17:03:00',N'Ðã Hoàn Thành',NULL),
	(3,'2024-09-14 07:50:00','2024-09-14 17:03:00',N'Ðã Hoàn Thành',NULL),
	(4,'2024-09-14 07:50:00','2024-09-14 17:03:00',N'Ðã Hoàn Thành',NULL),
	(5,'2024-09-14 07:50:00','2024-09-14 17:03:00',N'Ðã Hoàn Thành',NULL),
	(6,'2024-09-14 07:50:00','2024-09-14 17:03:00',N'Ðã Hoàn Thành',NULL),
	(7,'2024-09-14 07:50:00','2024-09-14 17:03:00',N'Ðã Hoàn Thành',NULL),
	(8,'2024-09-14 07:50:00','2024-09-14 17:03:00',N'Ðã Hoàn Thành',NULL),
	(9,'2024-09-14 07:50:00','2024-09-14 17:03:00',N'Ðã Hoàn Thành',NULL),
	(10,'2024-09-14 07:50:00','2024-09-14 17:03:00',N'Ðã Hoàn Thành',NULL),
	(11,'2024-09-14 07:50:00','2024-09-14 17:03:00',N'Ðã Hoàn Thành',NULL),
	(12,'2024-09-14 07:50:00','2024-09-14 17:03:00',N'Ðã Hoàn Thành',NULL),
	(13,'2024-09-14 07:50:00','2024-09-14 17:03:00',N'Ðã Hoàn Thành',NULL),
	(14,'2024-09-14 07:50:00','2024-09-14 17:03:00',N'Ðã Hoàn Thành',NULL),
	(15,'2024-09-14 07:50:00','2024-09-14 17:03:00',N'Ðã Hoàn Thành',NULL),
	(16,'2024-09-14 07:50:00','2024-09-14 17:03:00',N'Ðã Hoàn Thành',NULL),
	(17,'2024-09-14 07:50:00','2024-09-14 17:03:00',N'Ðã Hoàn Thành',NULL),
	(18,'2024-09-14 07:50:00','2024-09-14 17:03:00',N'Ðã Hoàn Thành',NULL),
	(19,'2024-09-14 07:50:00','2024-09-14 17:03:00',N'Ðã Hoàn Thành',NULL),
	(20,'2024-09-14 07:50:00','2024-09-14 17:03:00',N'Ðã Hoàn Thành',NULL),
	(21,'2024-09-14 07:50:00','2024-09-14 17:03:00',N'Ðã Hoàn Thành',NULL),
	(22,'2024-09-14 07:50:00','2024-09-14 17:03:00',N'Ðã Hoàn Thành',NULL),
	(23,'2024-09-14 07:50:00','2024-09-14 17:03:00',N'Ðã Hoàn Thành',NULL),
	(24,'2024-09-14 07:50:00','2024-09-14 17:03:00',N'Ðã Hoàn Thành',NULL),
	(25,'2024-09-14 07:50:00','2024-09-14 17:03:00',N'Ðã Hoàn Thành',NULL),
	(26,'2024-09-14 07:50:00','2024-09-14 17:03:00',N'Ðã Hoàn Thành',NULL),
	(27,'2024-09-14 07:50:00','2024-09-14 17:03:00',N'Ðã Hoàn Thành',NULL),
	(28,'2024-09-14 07:50:00','2024-09-14 17:03:00',N'Ðã Hoàn Thành',NULL),
	(29,'2024-09-14 07:50:00','2024-09-14 17:03:00',N'Ðã Hoàn Thành',NULL),
	(30,'2024-09-14 07:50:00','2024-09-14 17:03:00',N'Ðã Hoàn Thành',NULL),
	(31,'2024-09-14 07:50:00','2024-09-14 17:03:00',N'Ðã Hoàn Thành',NULL),
	(32,'2024-09-14 07:50:00','2024-09-14 17:03:00',N'Ðã Hoàn Thành',NULL),
	(33,'2024-09-14 07:50:00','2024-09-14 17:03:00',N'Ðã Hoàn Thành',NULL),
	(1,'2024-09-13 07:50:00','2024-09-13 17:03:00',N'Ðã Hoàn Thành',NULL),
	(2,'2024-09-13 07:50:00','2024-09-13 17:03:00',N'Ðã Hoàn Thành',NULL),
	(3,'2024-09-13 07:50:00','2024-09-13 17:03:00',N'Ðã Hoàn Thành',NULL),
	(4,'2024-09-13 07:50:00','2024-09-13 17:03:00',N'Ðã Hoàn Thành',NULL),
	(5,'2024-09-13 07:50:00','2024-09-13 17:03:00',N'Ðã Hoàn Thành',NULL),
	(6,'2024-09-13 07:50:00','2024-09-13 17:03:00',N'Ðã Hoàn Thành',NULL),
	(7,'2024-09-13 07:50:00','2024-09-13 17:03:00',N'Ðã Hoàn Thành',NULL),
	(8,'2024-09-13 07:50:00','2024-09-13 17:03:00',N'Ðã Hoàn Thành',NULL),
	(9,'2024-09-13 07:50:00','2024-09-13 17:03:00',N'Ðã Hoàn Thành',NULL),
	(10,'2024-09-13 07:50:00','2024-09-13 17:03:00',N'Ðã Hoàn Thành',NULL),
	(11,'2024-09-13 07:50:00','2024-09-13 17:03:00',N'Ðã Hoàn Thành',NULL),
	(12,'2024-09-13 07:50:00','2024-09-13 17:03:00',N'Ðã Hoàn Thành',NULL),
	(13,'2024-09-13 07:50:00','2024-09-13 17:03:00',N'Ðã Hoàn Thành',NULL),
	(14,'2024-09-13 07:50:00','2024-09-13 17:03:00',N'Ðã Hoàn Thành',NULL),
	(15,'2024-09-13 07:50:00','2024-09-13 17:03:00',N'Ðã Hoàn Thành',NULL),
	(16,'2024-09-13 07:50:00','2024-09-13 17:03:00',N'Ðã Hoàn Thành',NULL),
	(17,'2024-09-13 07:50:00','2024-09-13 17:03:00',N'Ðã Hoàn Thành',NULL),
	(18,'2024-09-13 07:50:00','2024-09-13 17:03:00',N'Ðã Hoàn Thành',NULL),
	(19,'2024-09-13 07:50:00','2024-09-13 17:03:00',N'Ðã Hoàn Thành',NULL),
	(20,'2024-09-13 07:50:00','2024-09-13 17:03:00',N'Ðã Hoàn Thành',NULL),
	(21,'2024-09-13 07:50:00','2024-09-13 17:03:00',N'Ðã Hoàn Thành',NULL),
	(22,'2024-09-13 07:50:00','2024-09-13 17:03:00',N'Ðã Hoàn Thành',NULL),
	(23,'2024-09-13 07:50:00','2024-09-13 17:03:00',N'Ðã Hoàn Thành',NULL),
	(24,'2024-09-13 07:50:00','2024-09-13 17:03:00',N'Ðã Hoàn Thành',NULL),
	(25,'2024-09-13 07:50:00','2024-09-13 17:03:00',N'Ðã Hoàn Thành',NULL),
	(26,'2024-09-13 07:50:00','2024-09-13 17:03:00',N'Ðã Hoàn Thành',NULL),
	(27,'2024-09-13 07:50:00','2024-09-13 17:03:00',N'Ðã Hoàn Thành',NULL),
	(28,'2024-09-13 07:50:00','2024-09-13 17:03:00',N'Ðã Hoàn Thành',NULL),
	(29,'2024-09-13 07:50:00','2024-09-13 17:03:00',N'Ðã Hoàn Thành',NULL),
	(30,'2024-09-13 07:50:00','2024-09-13 17:03:00',N'Ðã Hoàn Thành',NULL),
	(31,'2024-09-13 07:50:00','2024-09-13 17:03:00',N'Ðã Hoàn Thành',NULL),
	(32,'2024-09-13 07:50:00','2024-09-13 17:03:00',N'Ðã Hoàn Thành',NULL),
	(33,'2024-09-13 07:50:00','2024-09-13 17:03:00',N'Ðã Hoàn Thành',NULL),
	(1,'2024-09-12 07:50:00','2024-09-12 17:03:00',N'Ðã Hoàn Thành',NULL),
	(2,'2024-09-12 07:50:00','2024-09-12 17:03:00',N'Ðã Hoàn Thành',NULL),
	(3,'2024-09-12 07:50:00','2024-09-12 17:03:00',N'Ðã Hoàn Thành',NULL),
	(4,'2024-09-12 07:50:00','2024-09-12 17:03:00',N'Ðã Hoàn Thành',NULL),
	(5,'2024-09-12 07:50:00','2024-09-12 17:03:00',N'Ðã Hoàn Thành',NULL),
	(6,'2024-09-12 07:50:00','2024-09-12 17:03:00',N'Ðã Hoàn Thành',NULL),
	(7,'2024-09-12 07:50:00','2024-09-12 17:03:00',N'Ðã Hoàn Thành',NULL),
	(8,'2024-09-12 07:50:00','2024-09-12 17:03:00',N'Ðã Hoàn Thành',NULL),
	(9,'2024-09-12 07:50:00','2024-09-12 17:03:00',N'Ðã Hoàn Thành',NULL),
	(10,'2024-09-12 07:50:00','2024-09-12 17:03:00',N'Ðã Hoàn Thành',NULL),
	(11,'2024-09-12 07:50:00','2024-09-12 17:03:00',N'Ðã Hoàn Thành',NULL),
	(12,'2024-09-12 07:50:00','2024-09-12 17:03:00',N'Ðã Hoàn Thành',NULL),
	(13,'2024-09-12 07:50:00','2024-09-12 17:03:00',N'Ðã Hoàn Thành',NULL),
	(14,'2024-09-12 07:50:00','2024-09-12 17:03:00',N'Ðã Hoàn Thành',NULL),
	(15,'2024-09-12 07:50:00','2024-09-12 17:03:00',N'Ðã Hoàn Thành',NULL),
	(16,'2024-09-12 07:50:00','2024-09-12 17:03:00',N'Ðã Hoàn Thành',NULL),
	(17,'2024-09-12 07:50:00','2024-09-12 17:03:00',N'Ðã Hoàn Thành',NULL),
	(18,'2024-09-12 07:50:00','2024-09-12 17:03:00',N'Ðã Hoàn Thành',NULL),
	(19,'2024-09-12 07:50:00','2024-09-12 17:03:00',N'Ðã Hoàn Thành',NULL),
	(20,'2024-09-12 07:50:00','2024-09-12 17:03:00',N'Ðã Hoàn Thành',NULL),
	(21,'2024-09-12 07:50:00','2024-09-12 17:03:00',N'Ðã Hoàn Thành',NULL),
	(22,'2024-09-12 07:50:00','2024-09-12 17:03:00',N'Ðã Hoàn Thành',NULL),
	(23,'2024-09-12 07:50:00','2024-09-12 17:03:00',N'Ðã Hoàn Thành',NULL),
	(24,'2024-09-12 07:50:00','2024-09-12 17:03:00',N'Ðã Hoàn Thành',NULL),
	(25,'2024-09-12 07:50:00','2024-09-12 17:03:00',N'Ðã Hoàn Thành',NULL),
	(26,'2024-09-12 07:50:00','2024-09-12 17:03:00',N'Ðã Hoàn Thành',NULL),
	(27,'2024-09-12 07:50:00','2024-09-12 17:03:00',N'Ðã Hoàn Thành',NULL),
	(28,'2024-09-12 07:50:00','2024-09-12 17:03:00',N'Ðã Hoàn Thành',NULL),
	(29,'2024-09-12 07:50:00','2024-09-12 17:03:00',N'Ðã Hoàn Thành',NULL),
	(30,'2024-09-12 07:50:00','2024-09-12 17:03:00',N'Ðã Hoàn Thành',NULL),
	(31,'2024-09-12 07:50:00','2024-09-12 17:03:00',N'Ðã Hoàn Thành',NULL),
	(32,'2024-09-12 07:50:00','2024-09-12 17:03:00',N'Ðã Hoàn Thành',NULL),
	(33,'2024-09-12 07:50:00','2024-09-12 17:03:00',N'Ðã Hoàn Thành',NULL),
	(1,'2024-09-11 07:50:00','2024-09-11 17:03:00',N'Ðã Hoàn Thành',NULL),
	(2,'2024-09-11 07:50:00','2024-09-11 17:03:00',N'Ðã Hoàn Thành',NULL),
	(3,'2024-09-11 07:50:00','2024-09-11 17:03:00',N'Ðã Hoàn Thành',NULL),
	(4,'2024-09-11 07:50:00','2024-09-11 17:03:00',N'Ðã Hoàn Thành',NULL),
	(5,'2024-09-11 07:50:00','2024-09-11 17:03:00',N'Ðã Hoàn Thành',NULL),
	(6,'2024-09-11 07:50:00','2024-09-11 17:03:00',N'Ðã Hoàn Thành',NULL),
	(7,'2024-09-11 07:50:00','2024-09-11 17:03:00',N'Ðã Hoàn Thành',NULL),
	(8,'2024-09-11 07:50:00','2024-09-11 17:03:00',N'Ðã Hoàn Thành',NULL),
	(9,'2024-09-11 07:50:00','2024-09-11 17:03:00',N'Ðã Hoàn Thành',NULL),
	(10,'2024-09-11 07:50:00','2024-09-11 17:03:00',N'Ðã Hoàn Thành',NULL),
	(11,'2024-09-11 07:50:00','2024-09-11 17:03:00',N'Ðã Hoàn Thành',NULL),
	(12,'2024-09-11 07:50:00','2024-09-11 17:03:00',N'Ðã Hoàn Thành',NULL),
	(13,'2024-09-11 07:50:00','2024-09-11 17:03:00',N'Ðã Hoàn Thành',NULL),
	(14,'2024-09-11 07:50:00','2024-09-11 17:03:00',N'Ðã Hoàn Thành',NULL),
	(15,'2024-09-11 07:50:00','2024-09-11 17:03:00',N'Ðã Hoàn Thành',NULL),
	(16,'2024-09-11 07:50:00','2024-09-11 17:03:00',N'Ðã Hoàn Thành',NULL),
	(17,'2024-09-11 07:50:00','2024-09-11 17:03:00',N'Ðã Hoàn Thành',NULL),
	(18,'2024-09-11 07:50:00','2024-09-11 17:03:00',N'Ðã Hoàn Thành',NULL),
	(19,'2024-09-11 07:50:00','2024-09-11 17:03:00',N'Ðã Hoàn Thành',NULL),
	(20,'2024-09-11 07:50:00','2024-09-11 17:03:00',N'Ðã Hoàn Thành',NULL),
	(21,'2024-09-11 07:50:00','2024-09-11 17:03:00',N'Ðã Hoàn Thành',NULL),
	(22,'2024-09-11 07:50:00','2024-09-11 17:03:00',N'Ðã Hoàn Thành',NULL),
	(23,'2024-09-11 07:50:00','2024-09-11 17:03:00',N'Ðã Hoàn Thành',NULL),
	(24,'2024-09-11 07:50:00','2024-09-11 17:03:00',N'Ðã Hoàn Thành',NULL),
	(25,'2024-09-11 07:50:00','2024-09-11 17:03:00',N'Ðã Hoàn Thành',NULL),
	(26,'2024-09-11 07:50:00','2024-09-11 17:03:00',N'Ðã Hoàn Thành',NULL),
	(27,'2024-09-11 07:50:00','2024-09-11 17:03:00',N'Ðã Hoàn Thành',NULL),
	(28,'2024-09-11 07:50:00','2024-09-11 17:03:00',N'Ðã Hoàn Thành',NULL),
	(29,'2024-09-11 07:50:00','2024-09-11 17:03:00',N'Ðã Hoàn Thành',NULL),
	(30,'2024-09-11 07:50:00','2024-09-11 17:03:00',N'Ðã Hoàn Thành',NULL),
	(31,'2024-09-11 07:50:00','2024-09-11 17:03:00',N'Ðã Hoàn Thành',NULL),
	(32,'2024-09-11 07:50:00','2024-09-11 17:03:00',N'Ðã Hoàn Thành',NULL),
	(33,'2024-09-11 07:50:00','2024-09-11 17:03:00',N'Ðã Hoàn Thành',NULL),
	(1,'2024-09-10 07:50:00','2024-09-10 17:03:00',N'Ðã Hoàn Thành',NULL),
	(2,'2024-09-10 07:50:00','2024-09-10 17:03:00',N'Ðã Hoàn Thành',NULL),
	(3,'2024-09-10 07:50:00','2024-09-10 17:03:00',N'Ðã Hoàn Thành',NULL),
	(4,'2024-09-10 07:50:00','2024-09-10 17:03:00',N'Ðã Hoàn Thành',NULL),
	(5,'2024-09-10 07:50:00','2024-09-10 17:03:00',N'Ðã Hoàn Thành',NULL),
	(6,'2024-09-10 07:50:00','2024-09-10 17:03:00',N'Ðã Hoàn Thành',NULL),
	(7,'2024-09-10 07:50:00','2024-09-10 17:03:00',N'Ðã Hoàn Thành',NULL),
	(8,'2024-09-10 07:50:00','2024-09-10 17:03:00',N'Ðã Hoàn Thành',NULL),
	(9,'2024-09-10 07:50:00','2024-09-10 17:03:00',N'Ðã Hoàn Thành',NULL),
	(10,'2024-09-10 07:50:00','2024-09-10 17:03:00',N'Ðã Hoàn Thành',NULL),
	(11,'2024-09-10 07:50:00','2024-09-10 17:03:00',N'Ðã Hoàn Thành',NULL),
	(12,'2024-09-10 07:50:00','2024-09-10 17:03:00',N'Ðã Hoàn Thành',NULL),
	(13,'2024-09-10 07:50:00','2024-09-10 17:03:00',N'Ðã Hoàn Thành',NULL),
	(14,'2024-09-10 07:50:00','2024-09-10 17:03:00',N'Ðã Hoàn Thành',NULL),
	(15,'2024-09-10 07:50:00','2024-09-10 17:03:00',N'Ðã Hoàn Thành',NULL),
	(16,'2024-09-10 07:50:00','2024-09-10 17:03:00',N'Ðã Hoàn Thành',NULL),
	(17,'2024-09-10 07:50:00','2024-09-10 17:03:00',N'Ðã Hoàn Thành',NULL),
	(18,'2024-09-10 07:50:00','2024-09-10 17:03:00',N'Ðã Hoàn Thành',NULL),
	(19,'2024-09-10 07:50:00','2024-09-10 17:03:00',N'Ðã Hoàn Thành',NULL),
	(20,'2024-09-10 07:50:00','2024-09-10 17:03:00',N'Ðã Hoàn Thành',NULL),
	(21,'2024-09-10 07:50:00','2024-09-10 17:03:00',N'Ðã Hoàn Thành',NULL),
	(22,'2024-09-10 07:50:00','2024-09-10 17:03:00',N'Ðã Hoàn Thành',NULL),
	(23,'2024-09-10 07:50:00','2024-09-10 17:03:00',N'Ðã Hoàn Thành',NULL),
	(24,'2024-09-10 07:50:00','2024-09-10 17:03:00',N'Ðã Hoàn Thành',NULL),
	(25,'2024-09-10 07:50:00','2024-09-10 17:03:00',N'Ðã Hoàn Thành',NULL),
	(26,'2024-09-10 07:50:00','2024-09-10 17:03:00',N'Ðã Hoàn Thành',NULL),
	(27,'2024-09-10 07:50:00','2024-09-10 17:03:00',N'Ðã Hoàn Thành',NULL),
	(28,'2024-09-10 07:50:00','2024-09-10 17:03:00',N'Ðã Hoàn Thành',NULL),
	(29,'2024-09-10 07:50:00','2024-09-10 17:03:00',N'Ðã Hoàn Thành',NULL),
	(30,'2024-09-10 07:50:00','2024-09-10 17:03:00',N'Ðã Hoàn Thành',NULL),
	(31,'2024-09-10 07:50:00','2024-09-10 17:03:00',N'Ðã Hoàn Thành',NULL),
	(32,'2024-09-10 07:50:00','2024-09-10 17:03:00',N'Ðã Hoàn Thành',NULL),
	(33,'2024-09-10 07:50:00','2024-09-10 17:03:00',N'Ðã Hoàn Thành',NULL),

	(1,'2024-09-09 07:50:00','2024-09-09 17:03:00',N'Ðã Hoàn Thành',NULL),
	(2,'2024-09-09 07:50:00','2024-09-09 17:03:00',N'Ðã Hoàn Thành',NULL),
	(3,'2024-09-09 07:50:00','2024-09-09 17:03:00',N'Ðã Hoàn Thành',NULL),
	(4,'2024-09-09 07:50:00','2024-09-09 17:03:00',N'Ðã Hoàn Thành',NULL),
	(5,'2024-09-09 07:50:00','2024-09-09 17:03:00',N'Ðã Hoàn Thành',NULL),
	(6,'2024-09-09 07:50:00','2024-09-09 17:03:00',N'Ðã Hoàn Thành',NULL),
	(7,'2024-09-09 07:50:00','2024-09-09 17:03:00',N'Ðã Hoàn Thành',NULL),
	(8,'2024-09-09 07:50:00','2024-09-09 17:03:00',N'Ðã Hoàn Thành',NULL),
	(9,'2024-09-09 07:50:00','2024-09-09 17:03:00',N'Ðã Hoàn Thành',NULL),
	(10,'2024-09-09 07:50:00','2024-09-09 17:03:00',N'Ðã Hoàn Thành',NULL),
	(11,'2024-09-09 07:50:00','2024-09-09 17:03:00',N'Ðã Hoàn Thành',NULL),
	(12,'2024-09-09 07:50:00','2024-09-09 17:03:00',N'Ðã Hoàn Thành',NULL),
	(13,'2024-09-09 07:50:00','2024-09-09 17:03:00',N'Ðã Hoàn Thành',NULL),
	(14,'2024-09-09 07:50:00','2024-09-09 17:03:00',N'Ðã Hoàn Thành',NULL),
	(15,'2024-09-09 07:50:00','2024-09-09 17:03:00',N'Ðã Hoàn Thành',NULL),
	(16,'2024-09-09 07:50:00','2024-09-09 17:03:00',N'Ðã Hoàn Thành',NULL),
	(17,'2024-09-09 07:50:00','2024-09-09 17:03:00',N'Ðã Hoàn Thành',NULL),
	(18,'2024-09-09 07:50:00','2024-09-09 17:03:00',N'Ðã Hoàn Thành',NULL),
	(19,'2024-09-09 07:50:00','2024-09-09 17:03:00',N'Ðã Hoàn Thành',NULL),
	(20,'2024-09-09 07:50:00','2024-09-09 17:03:00',N'Ðã Hoàn Thành',NULL),
	(21,'2024-09-09 07:50:00','2024-09-09 17:03:00',N'Ðã Hoàn Thành',NULL),
	(22,'2024-09-09 07:50:00','2024-09-09 17:03:00',N'Ðã Hoàn Thành',NULL),
	(23,'2024-09-09 07:50:00','2024-09-09 17:03:00',N'Ðã Hoàn Thành',NULL),
	(24,'2024-09-09 07:50:00','2024-09-09 17:03:00',N'Ðã Hoàn Thành',NULL),
	(25,'2024-09-09 07:50:00','2024-09-09 17:03:00',N'Ðã Hoàn Thành',NULL),
	(26,'2024-09-09 07:50:00','2024-09-09 17:03:00',N'Ðã Hoàn Thành',NULL),
	(27,'2024-09-09 07:50:00','2024-09-09 17:03:00',N'Ðã Hoàn Thành',NULL),
	(28,'2024-09-09 07:50:00','2024-09-09 17:03:00',N'Ðã Hoàn Thành',NULL),
	(29,'2024-09-09 07:50:00','2024-09-09 17:03:00',N'Ðã Hoàn Thành',NULL),
	(30,'2024-09-09 07:50:00','2024-09-09 17:03:00',N'Ðã Hoàn Thành',NULL),
	(31,'2024-09-09 07:50:00','2024-09-09 17:03:00',N'Ðã Hoàn Thành',NULL),
	(32,'2024-09-09 07:50:00','2024-09-09 17:03:00',N'Ðã Hoàn Thành',NULL),
	(33,'2024-09-09 07:50:00','2024-09-09 17:03:00',N'Ðã Hoàn Thành',NULL),
	(1,'2024-09-08 07:50:00','2024-09-08 17:03:00',N'Ðã Hoàn Thành',NULL),
	(2,'2024-09-08 07:50:00','2024-09-08 17:03:00',N'Ðã Hoàn Thành',NULL),
	(3,'2024-09-08 07:50:00','2024-09-08 17:03:00',N'Ðã Hoàn Thành',NULL),
	(4,'2024-09-08 07:50:00','2024-09-08 17:03:00',N'Ðã Hoàn Thành',NULL),
	(5,'2024-09-08 07:50:00','2024-09-08 17:03:00',N'Ðã Hoàn Thành',NULL),
	(6,'2024-09-08 07:50:00','2024-09-08 17:03:00',N'Ðã Hoàn Thành',NULL),
	(7,'2024-09-08 07:50:00','2024-09-08 17:03:00',N'Ðã Hoàn Thành',NULL),
	(8,'2024-09-08 07:50:00','2024-09-08 17:03:00',N'Ðã Hoàn Thành',NULL),
	(9,'2024-09-08 07:50:00','2024-09-08 17:03:00',N'Ðã Hoàn Thành',NULL),
	(10,'2024-09-08 07:50:00','2024-09-08 17:03:00',N'Ðã Hoàn Thành',NULL),
	(11,'2024-09-08 07:50:00','2024-09-08 17:03:00',N'Ðã Hoàn Thành',NULL),
	(12,'2024-09-08 07:50:00','2024-09-08 17:03:00',N'Ðã Hoàn Thành',NULL),
	(13,'2024-09-08 07:50:00','2024-09-08 17:03:00',N'Ðã Hoàn Thành',NULL),
	(14,'2024-09-08 07:50:00','2024-09-08 17:03:00',N'Ðã Hoàn Thành',NULL),
	(15,'2024-09-08 07:50:00','2024-09-08 17:03:00',N'Ðã Hoàn Thành',NULL),
	(16,'2024-09-08 07:50:00','2024-09-08 17:03:00',N'Ðã Hoàn Thành',NULL),
	(17,'2024-09-08 07:50:00','2024-09-08 17:03:00',N'Ðã Hoàn Thành',NULL),
	(18,'2024-09-08 07:50:00','2024-09-08 17:03:00',N'Ðã Hoàn Thành',NULL),
	(19,'2024-09-08 07:50:00','2024-09-08 17:03:00',N'Ðã Hoàn Thành',NULL),
	(20,'2024-09-08 07:50:00','2024-09-08 17:03:00',N'Ðã Hoàn Thành',NULL),
	(21,'2024-09-08 07:50:00','2024-09-08 17:03:00',N'Ðã Hoàn Thành',NULL),
	(22,'2024-09-08 07:50:00','2024-09-08 17:03:00',N'Ðã Hoàn Thành',NULL),
	(23,'2024-09-08 07:50:00','2024-09-08 17:03:00',N'Ðã Hoàn Thành',NULL),
	(24,'2024-09-08 07:50:00','2024-09-08 17:03:00',N'Ðã Hoàn Thành',NULL),
	(25,'2024-09-08 07:50:00','2024-09-08 17:03:00',N'Ðã Hoàn Thành',NULL),
	(26,'2024-09-08 07:50:00','2024-09-08 17:03:00',N'Ðã Hoàn Thành',NULL),
	(27,'2024-09-08 07:50:00','2024-09-08 17:03:00',N'Ðã Hoàn Thành',NULL),
	(28,'2024-09-08 07:50:00','2024-09-08 17:03:00',N'Ðã Hoàn Thành',NULL),
	(29,'2024-09-08 07:50:00','2024-09-08 17:03:00',N'Ðã Hoàn Thành',NULL),
	(30,'2024-09-08 07:50:00','2024-09-08 17:03:00',N'Ðã Hoàn Thành',NULL),
	(31,'2024-09-08 07:50:00','2024-09-08 17:03:00',N'Ðã Hoàn Thành',NULL),
	(32,'2024-09-08 07:50:00','2024-09-08 17:03:00',N'Ðã Hoàn Thành',NULL),
	(33,'2024-09-08 07:50:00','2024-09-08 17:03:00',N'Ðã Hoàn Thành',NULL),
	(1,'2024-09-07 07:50:00','2024-09-07 17:03:00',N'Ðã Hoàn Thành',NULL),
	(2,'2024-09-07 07:50:00','2024-09-07 17:03:00',N'Ðã Hoàn Thành',NULL),
	(3,'2024-09-07 07:50:00','2024-09-07 17:03:00',N'Ðã Hoàn Thành',NULL),
	(4,'2024-09-07 07:50:00','2024-09-07 17:03:00',N'Ðã Hoàn Thành',NULL),
	(5,'2024-09-07 07:50:00','2024-09-07 17:03:00',N'Ðã Hoàn Thành',NULL),
	(6,'2024-09-07 07:50:00','2024-09-07 17:03:00',N'Ðã Hoàn Thành',NULL),
	(7,'2024-09-07 07:50:00','2024-09-07 17:03:00',N'Ðã Hoàn Thành',NULL),
	(8,'2024-09-07 07:50:00','2024-09-07 17:03:00',N'Ðã Hoàn Thành',NULL),
	(9,'2024-09-07 07:50:00','2024-09-07 17:03:00',N'Ðã Hoàn Thành',NULL),
	(10,'2024-09-07 07:50:00','2024-09-07 17:03:00',N'Ðã Hoàn Thành',NULL),
	(11,'2024-09-07 07:50:00','2024-09-07 17:03:00',N'Ðã Hoàn Thành',NULL),
	(12,'2024-09-07 07:50:00','2024-09-07 17:03:00',N'Ðã Hoàn Thành',NULL),
	(13,'2024-09-07 07:50:00','2024-09-07 17:03:00',N'Ðã Hoàn Thành',NULL),
	(14,'2024-09-07 07:50:00','2024-09-07 17:03:00',N'Ðã Hoàn Thành',NULL),
	(15,'2024-09-07 07:50:00','2024-09-07 17:03:00',N'Ðã Hoàn Thành',NULL),
	(16,'2024-09-07 07:50:00','2024-09-07 17:03:00',N'Ðã Hoàn Thành',NULL),
	(17,'2024-09-07 07:50:00','2024-09-07 17:03:00',N'Ðã Hoàn Thành',NULL),
	(18,'2024-09-07 07:50:00','2024-09-07 17:03:00',N'Ðã Hoàn Thành',NULL),
	(19,'2024-09-07 07:50:00','2024-09-07 17:03:00',N'Ðã Hoàn Thành',NULL),
	(20,'2024-09-07 07:50:00','2024-09-07 17:03:00',N'Ðã Hoàn Thành',NULL),
	(21,'2024-09-07 07:50:00','2024-09-07 17:03:00',N'Ðã Hoàn Thành',NULL),
	(22,'2024-09-07 07:50:00','2024-09-07 17:03:00',N'Ðã Hoàn Thành',NULL),
	(23,'2024-09-07 07:50:00','2024-09-07 17:03:00',N'Ðã Hoàn Thành',NULL),
	(24,'2024-09-07 07:50:00','2024-09-07 17:03:00',N'Ðã Hoàn Thành',NULL),
	(25,'2024-09-07 07:50:00','2024-09-07 17:03:00',N'Ðã Hoàn Thành',NULL),
	(26,'2024-09-07 07:50:00','2024-09-07 17:03:00',N'Ðã Hoàn Thành',NULL),
	(27,'2024-09-07 07:50:00','2024-09-07 17:03:00',N'Ðã Hoàn Thành',NULL),
	(28,'2024-09-07 07:50:00','2024-09-07 17:03:00',N'Ðã Hoàn Thành',NULL),
	(29,'2024-09-07 07:50:00','2024-09-07 17:03:00',N'Ðã Hoàn Thành',NULL),
	(30,'2024-09-07 07:50:00','2024-09-07 17:03:00',N'Ðã Hoàn Thành',NULL),
	(31,'2024-09-07 07:50:00','2024-09-07 17:03:00',N'Ðã Hoàn Thành',NULL),
	(32,'2024-09-07 07:50:00','2024-09-07 17:03:00',N'Ðã Hoàn Thành',NULL),
	(33,'2024-09-07 07:50:00','2024-09-07 17:03:00',N'Ðã Hoàn Thành',NULL),
	(1,'2024-09-06 07:50:00','2024-09-06 17:03:00',N'Ðã Hoàn Thành',NULL),
	(2,'2024-09-06 07:50:00','2024-09-06 17:03:00',N'Ðã Hoàn Thành',NULL),
	(3,'2024-09-06 07:50:00','2024-09-06 17:03:00',N'Ðã Hoàn Thành',NULL),
	(4,'2024-09-06 07:50:00','2024-09-06 17:03:00',N'Ðã Hoàn Thành',NULL),
	(5,'2024-09-06 07:50:00','2024-09-06 17:03:00',N'Ðã Hoàn Thành',NULL),
	(6,'2024-09-06 07:50:00','2024-09-06 17:03:00',N'Ðã Hoàn Thành',NULL),
	(7,'2024-09-06 07:50:00','2024-09-06 17:03:00',N'Ðã Hoàn Thành',NULL),
	(8,'2024-09-06 07:50:00','2024-09-06 17:03:00',N'Ðã Hoàn Thành',NULL),
	(9,'2024-09-06 07:50:00','2024-09-06 17:03:00',N'Ðã Hoàn Thành',NULL),
	(10,'2024-09-06 07:50:00','2024-09-06 17:03:00',N'Ðã Hoàn Thành',NULL),
	(11,'2024-09-06 07:50:00','2024-09-06 17:03:00',N'Ðã Hoàn Thành',NULL),
	(12,'2024-09-06 07:50:00','2024-09-06 17:03:00',N'Ðã Hoàn Thành',NULL),
	(13,'2024-09-06 07:50:00','2024-09-06 17:03:00',N'Ðã Hoàn Thành',NULL),
	(14,'2024-09-06 07:50:00','2024-09-06 17:03:00',N'Ðã Hoàn Thành',NULL),
	(15,'2024-09-06 07:50:00','2024-09-06 17:03:00',N'Ðã Hoàn Thành',NULL),
	(16,'2024-09-06 07:50:00','2024-09-06 17:03:00',N'Ðã Hoàn Thành',NULL),
	(17,'2024-09-06 07:50:00','2024-09-06 17:03:00',N'Ðã Hoàn Thành',NULL),
	(18,'2024-09-06 07:50:00','2024-09-06 17:03:00',N'Ðã Hoàn Thành',NULL),
	(19,'2024-09-06 07:50:00','2024-09-06 17:03:00',N'Ðã Hoàn Thành',NULL),
	(20,'2024-09-06 07:50:00','2024-09-06 17:03:00',N'Ðã Hoàn Thành',NULL),
	(21,'2024-09-06 07:50:00','2024-09-06 17:03:00',N'Ðã Hoàn Thành',NULL),
	(22,'2024-09-06 07:50:00','2024-09-06 17:03:00',N'Ðã Hoàn Thành',NULL),
	(23,'2024-09-06 07:50:00','2024-09-06 17:03:00',N'Ðã Hoàn Thành',NULL),
	(24,'2024-09-06 07:50:00','2024-09-06 17:03:00',N'Ðã Hoàn Thành',NULL),
	(25,'2024-09-06 07:50:00','2024-09-06 17:03:00',N'Ðã Hoàn Thành',NULL),
	(26,'2024-09-06 07:50:00','2024-09-06 17:03:00',N'Ðã Hoàn Thành',NULL),
	(27,'2024-09-06 07:50:00','2024-09-06 17:03:00',N'Ðã Hoàn Thành',NULL),
	(28,'2024-09-06 07:50:00','2024-09-06 17:03:00',N'Ðã Hoàn Thành',NULL),
	(29,'2024-09-06 07:50:00','2024-09-06 17:03:00',N'Ðã Hoàn Thành',NULL),
	(30,'2024-09-06 07:50:00','2024-09-06 17:03:00',N'Ðã Hoàn Thành',NULL),
	(31,'2024-09-06 07:50:00','2024-09-06 17:03:00',N'Ðã Hoàn Thành',NULL),
	(32,'2024-09-06 07:50:00','2024-09-06 17:03:00',N'Ðã Hoàn Thành',NULL),
	(33,'2024-09-06 07:50:00','2024-09-06 17:03:00',N'Ðã Hoàn Thành',NULL),
	(1,'2024-09-05 07:50:00','2024-09-05 17:03:00',N'Ðã Hoàn Thành',NULL),
	(2,'2024-09-05 07:50:00','2024-09-05 17:03:00',N'Ðã Hoàn Thành',NULL),
	(3,'2024-09-05 07:50:00','2024-09-05 17:03:00',N'Ðã Hoàn Thành',NULL),
	(4,'2024-09-05 07:50:00','2024-09-05 17:03:00',N'Ðã Hoàn Thành',NULL),
	(5,'2024-09-05 07:50:00','2024-09-05 17:03:00',N'Ðã Hoàn Thành',NULL),
	(6,'2024-09-05 07:50:00','2024-09-05 17:03:00',N'Ðã Hoàn Thành',NULL),
	(7,'2024-09-05 07:50:00','2024-09-05 17:03:00',N'Ðã Hoàn Thành',NULL),
	(8,'2024-09-05 07:50:00','2024-09-05 17:03:00',N'Ðã Hoàn Thành',NULL),
	(9,'2024-09-05 07:50:00','2024-09-05 17:03:00',N'Ðã Hoàn Thành',NULL),
	(10,'2024-09-05 07:50:00','2024-09-05 17:03:00',N'Ðã Hoàn Thành',NULL),
	(11,'2024-09-05 07:50:00','2024-09-05 17:03:00',N'Ðã Hoàn Thành',NULL),
	(12,'2024-09-05 07:50:00','2024-09-05 17:03:00',N'Ðã Hoàn Thành',NULL),
	(13,'2024-09-05 07:50:00','2024-09-05 17:03:00',N'Ðã Hoàn Thành',NULL),
	(14,'2024-09-05 07:50:00','2024-09-05 17:03:00',N'Ðã Hoàn Thành',NULL),
	(15,'2024-09-05 07:50:00','2024-09-05 17:03:00',N'Ðã Hoàn Thành',NULL),
	(16,'2024-09-05 07:50:00','2024-09-05 17:03:00',N'Ðã Hoàn Thành',NULL),
	(17,'2024-09-05 07:50:00','2024-09-05 17:03:00',N'Ðã Hoàn Thành',NULL),
	(18,'2024-09-05 07:50:00','2024-09-05 17:03:00',N'Ðã Hoàn Thành',NULL),
	(19,'2024-09-05 07:50:00','2024-09-05 17:03:00',N'Ðã Hoàn Thành',NULL),
	(20,'2024-09-05 07:50:00','2024-09-05 17:03:00',N'Ðã Hoàn Thành',NULL),
	(21,'2024-09-05 07:50:00','2024-09-05 17:03:00',N'Ðã Hoàn Thành',NULL),
	(22,'2024-09-05 07:50:00','2024-09-05 17:03:00',N'Ðã Hoàn Thành',NULL),
	(23,'2024-09-05 07:50:00','2024-09-05 17:03:00',N'Ðã Hoàn Thành',NULL),
	(24,'2024-09-05 07:50:00','2024-09-05 17:03:00',N'Ðã Hoàn Thành',NULL),
	(25,'2024-09-05 07:50:00','2024-09-05 17:03:00',N'Ðã Hoàn Thành',NULL),
	(26,'2024-09-05 07:50:00','2024-09-05 17:03:00',N'Ðã Hoàn Thành',NULL),
	(27,'2024-09-05 07:50:00','2024-09-05 17:03:00',N'Ðã Hoàn Thành',NULL),
	(28,'2024-09-05 07:50:00','2024-09-05 17:03:00',N'Ðã Hoàn Thành',NULL),
	(29,'2024-09-05 07:50:00','2024-09-05 17:03:00',N'Ðã Hoàn Thành',NULL),
	(30,'2024-09-05 07:50:00','2024-09-05 17:03:00',N'Ðã Hoàn Thành',NULL),
	(31,'2024-09-05 07:50:00','2024-09-05 17:03:00',N'Ðã Hoàn Thành',NULL),
	(32,'2024-09-05 07:50:00','2024-09-05 17:03:00',N'Ðã Hoàn Thành',NULL),
	(33,'2024-09-05 07:50:00','2024-09-05 17:03:00',N'Ðã Hoàn Thành',NULL),
	(1,'2024-09-04 07:50:00','2024-09-04 17:03:00',N'Ðã Hoàn Thành',NULL),
	(2,'2024-09-04 07:50:00','2024-09-04 17:03:00',N'Ðã Hoàn Thành',NULL),
	(3,'2024-09-04 07:50:00','2024-09-04 17:03:00',N'Ðã Hoàn Thành',NULL),
	(4,'2024-09-04 07:50:00','2024-09-04 17:03:00',N'Ðã Hoàn Thành',NULL),
	(5,'2024-09-04 07:50:00','2024-09-04 17:03:00',N'Ðã Hoàn Thành',NULL),
	(6,'2024-09-04 07:50:00','2024-09-04 17:03:00',N'Ðã Hoàn Thành',NULL),
	(7,'2024-09-04 07:50:00','2024-09-04 17:03:00',N'Ðã Hoàn Thành',NULL),
	(8,'2024-09-04 07:50:00','2024-09-04 17:03:00',N'Ðã Hoàn Thành',NULL),
	(9,'2024-09-04 07:50:00','2024-09-04 17:03:00',N'Ðã Hoàn Thành',NULL),
	(10,'2024-09-04 07:50:00','2024-09-04 17:03:00',N'Ðã Hoàn Thành',NULL),
	(11,'2024-09-04 07:50:00','2024-09-04 17:03:00',N'Ðã Hoàn Thành',NULL),
	(12,'2024-09-04 07:50:00','2024-09-04 17:03:00',N'Ðã Hoàn Thành',NULL),
	(13,'2024-09-04 07:50:00','2024-09-04 17:03:00',N'Ðã Hoàn Thành',NULL),
	(14,'2024-09-04 07:50:00','2024-09-04 17:03:00',N'Ðã Hoàn Thành',NULL),
	(15,'2024-09-04 07:50:00','2024-09-04 17:03:00',N'Ðã Hoàn Thành',NULL),
	(16,'2024-09-04 07:50:00','2024-09-04 17:03:00',N'Ðã Hoàn Thành',NULL),
	(17,'2024-09-04 07:50:00','2024-09-04 17:03:00',N'Ðã Hoàn Thành',NULL),
	(18,'2024-09-04 07:50:00','2024-09-04 17:03:00',N'Ðã Hoàn Thành',NULL),
	(19,'2024-09-04 07:50:00','2024-09-04 17:03:00',N'Ðã Hoàn Thành',NULL),
	(20,'2024-09-04 07:50:00','2024-09-04 17:03:00',N'Ðã Hoàn Thành',NULL),
	(21,'2024-09-04 07:50:00','2024-09-04 17:03:00',N'Ðã Hoàn Thành',NULL),
	(22,'2024-09-04 07:50:00','2024-09-04 17:03:00',N'Ðã Hoàn Thành',NULL),
	(23,'2024-09-04 07:50:00','2024-09-04 17:03:00',N'Ðã Hoàn Thành',NULL),
	(24,'2024-09-04 07:50:00','2024-09-04 17:03:00',N'Ðã Hoàn Thành',NULL),
	(25,'2024-09-04 07:50:00','2024-09-04 17:03:00',N'Ðã Hoàn Thành',NULL),
	(26,'2024-09-04 07:50:00','2024-09-04 17:03:00',N'Ðã Hoàn Thành',NULL),
	(27,'2024-09-04 07:50:00','2024-09-04 17:03:00',N'Ðã Hoàn Thành',NULL),
	(28,'2024-09-04 07:50:00','2024-09-04 17:03:00',N'Ðã Hoàn Thành',NULL),
	(29,'2024-09-04 07:50:00','2024-09-04 17:03:00',N'Ðã Hoàn Thành',NULL),
	(30,'2024-09-04 07:50:00','2024-09-04 17:03:00',N'Ðã Hoàn Thành',NULL),
	(31,'2024-09-04 07:50:00','2024-09-04 17:03:00',N'Ðã Hoàn Thành',NULL),
	(32,'2024-09-04 07:50:00','2024-09-04 17:03:00',N'Ðã Hoàn Thành',NULL),
	(33,'2024-09-04 07:50:00','2024-09-04 17:03:00',N'Ðã Hoàn Thành',NULL),
	(1,'2024-09-03 07:50:00','2024-09-03 17:03:00',N'Ðã Hoàn Thành',NULL),
	(2,'2024-09-03 07:50:00','2024-09-03 17:03:00',N'Ðã Hoàn Thành',NULL),
	(3,'2024-09-03 07:50:00','2024-09-03 17:03:00',N'Ðã Hoàn Thành',NULL),
	(4,'2024-09-03 07:50:00','2024-09-03 17:03:00',N'Ðã Hoàn Thành',NULL),
	(5,'2024-09-03 07:50:00','2024-09-03 17:03:00',N'Ðã Hoàn Thành',NULL),
	(6,'2024-09-03 07:50:00','2024-09-03 17:03:00',N'Ðã Hoàn Thành',NULL),
	(7,'2024-09-03 07:50:00','2024-09-03 17:03:00',N'Ðã Hoàn Thành',NULL),
	(8,'2024-09-03 07:50:00','2024-09-03 17:03:00',N'Ðã Hoàn Thành',NULL),
	(9,'2024-09-03 07:50:00','2024-09-03 17:03:00',N'Ðã Hoàn Thành',NULL),
	(10,'2024-09-03 07:50:00','2024-09-03 17:03:00',N'Ðã Hoàn Thành',NULL),
	(11,'2024-09-03 07:50:00','2024-09-03 17:03:00',N'Ðã Hoàn Thành',NULL),
	(12,'2024-09-03 07:50:00','2024-09-03 17:03:00',N'Ðã Hoàn Thành',NULL),
	(13,'2024-09-03 07:50:00','2024-09-03 17:03:00',N'Ðã Hoàn Thành',NULL),
	(14,'2024-09-03 07:50:00','2024-09-03 17:03:00',N'Ðã Hoàn Thành',NULL),
	(15,'2024-09-03 07:50:00','2024-09-03 17:03:00',N'Ðã Hoàn Thành',NULL),
	(16,'2024-09-03 07:50:00','2024-09-03 17:03:00',N'Ðã Hoàn Thành',NULL),
	(17,'2024-09-03 07:50:00','2024-09-03 17:03:00',N'Ðã Hoàn Thành',NULL),
	(18,'2024-09-03 07:50:00','2024-09-03 17:03:00',N'Ðã Hoàn Thành',NULL),
	(19,'2024-09-03 07:50:00','2024-09-03 17:03:00',N'Ðã Hoàn Thành',NULL),
	(20,'2024-09-03 07:50:00','2024-09-03 17:03:00',N'Ðã Hoàn Thành',NULL),
	(21,'2024-09-03 07:50:00','2024-09-03 17:03:00',N'Ðã Hoàn Thành',NULL),
	(22,'2024-09-03 07:50:00','2024-09-03 17:03:00',N'Ðã Hoàn Thành',NULL),
	(23,'2024-09-03 07:50:00','2024-09-03 17:03:00',N'Ðã Hoàn Thành',NULL),
	(24,'2024-09-03 07:50:00','2024-09-03 17:03:00',N'Ðã Hoàn Thành',NULL),
	(25,'2024-09-03 07:50:00','2024-09-03 17:03:00',N'Ðã Hoàn Thành',NULL),
	(26,'2024-09-03 07:50:00','2024-09-03 17:03:00',N'Ðã Hoàn Thành',NULL),
	(27,'2024-09-03 07:50:00','2024-09-03 17:03:00',N'Ðã Hoàn Thành',NULL),
	(28,'2024-09-03 07:50:00','2024-09-03 17:03:00',N'Ðã Hoàn Thành',NULL),
	(29,'2024-09-03 07:50:00','2024-09-03 17:03:00',N'Ðã Hoàn Thành',NULL),
	(30,'2024-09-03 07:50:00','2024-09-03 17:03:00',N'Ðã Hoàn Thành',NULL),
	(31,'2024-09-03 07:50:00','2024-09-03 17:03:00',N'Ðã Hoàn Thành',NULL),
	(32,'2024-09-03 07:50:00','2024-09-03 17:03:00',N'Ðã Hoàn Thành',NULL),
	(33,'2024-09-03 07:50:00','2024-09-03 17:03:00',N'Ðã Hoàn Thành',NULL),
	(1,'2024-09-02 07:50:00','2024-09-02 17:03:00',N'Ðã Hoàn Thành',NULL),
	(2,'2024-09-02 07:50:00','2024-09-02 17:03:00',N'Ðã Hoàn Thành',NULL),
	(3,'2024-09-02 07:50:00','2024-09-02 17:03:00',N'Ðã Hoàn Thành',NULL),
	(4,'2024-09-02 07:50:00','2024-09-02 17:03:00',N'Ðã Hoàn Thành',NULL),
	(5,'2024-09-02 07:50:00','2024-09-02 17:03:00',N'Ðã Hoàn Thành',NULL),
	(6,'2024-09-02 07:50:00','2024-09-02 17:03:00',N'Ðã Hoàn Thành',NULL),
	(7,'2024-09-02 07:50:00','2024-09-02 17:03:00',N'Ðã Hoàn Thành',NULL),
	(8,'2024-09-02 07:50:00','2024-09-02 17:03:00',N'Ðã Hoàn Thành',NULL),
	(9,'2024-09-02 07:50:00','2024-09-02 17:03:00',N'Ðã Hoàn Thành',NULL),
	(10,'2024-09-02 07:50:00','2024-09-02 17:03:00',N'Ðã Hoàn Thành',NULL),
	(11,'2024-09-02 07:50:00','2024-09-02 17:03:00',N'Ðã Hoàn Thành',NULL),
	(12,'2024-09-02 07:50:00','2024-09-02 17:03:00',N'Ðã Hoàn Thành',NULL),
	(13,'2024-09-02 07:50:00','2024-09-02 17:03:00',N'Ðã Hoàn Thành',NULL),
	(14,'2024-09-02 07:50:00','2024-09-02 17:03:00',N'Ðã Hoàn Thành',NULL),
	(15,'2024-09-02 07:50:00','2024-09-02 17:03:00',N'Ðã Hoàn Thành',NULL),
	(16,'2024-09-02 07:50:00','2024-09-02 17:03:00',N'Ðã Hoàn Thành',NULL),
	(17,'2024-09-02 07:50:00','2024-09-02 17:03:00',N'Ðã Hoàn Thành',NULL),
	(18,'2024-09-02 07:50:00','2024-09-02 17:03:00',N'Ðã Hoàn Thành',NULL),
	(19,'2024-09-02 07:50:00','2024-09-02 17:03:00',N'Ðã Hoàn Thành',NULL),
	(20,'2024-09-02 07:50:00','2024-09-02 17:03:00',N'Ðã Hoàn Thành',NULL),
	(21,'2024-09-02 07:50:00','2024-09-02 17:03:00',N'Ðã Hoàn Thành',NULL),
	(22,'2024-09-02 07:50:00','2024-09-02 17:03:00',N'Ðã Hoàn Thành',NULL),
	(23,'2024-09-02 07:50:00','2024-09-02 17:03:00',N'Ðã Hoàn Thành',NULL),
	(24,'2024-09-02 07:50:00','2024-09-02 17:03:00',N'Ðã Hoàn Thành',NULL),
	(25,'2024-09-02 07:50:00','2024-09-02 17:03:00',N'Ðã Hoàn Thành',NULL),
	(26,'2024-09-02 07:50:00','2024-09-02 17:03:00',N'Ðã Hoàn Thành',NULL),
	(27,'2024-09-02 07:50:00','2024-09-02 17:03:00',N'Ðã Hoàn Thành',NULL),
	(28,'2024-09-02 07:50:00','2024-09-02 17:03:00',N'Ðã Hoàn Thành',NULL),
	(29,'2024-09-02 07:50:00','2024-09-02 17:03:00',N'Ðã Hoàn Thành',NULL),
	(30,'2024-09-02 07:50:00','2024-09-02 17:03:00',N'Ðã Hoàn Thành',NULL),
	(31,'2024-09-02 07:50:00','2024-09-02 17:03:00',N'Ðã Hoàn Thành',NULL),
	(32,'2024-09-02 07:50:00','2024-09-02 17:03:00',N'Ðã Hoàn Thành',NULL),
	(33,'2024-09-02 07:50:00','2024-09-02 17:03:00',N'Ðã Hoàn Thành',NULL),
	(1,'2024-09-01 07:50:00','2024-09-01 17:03:00',N'Ðã Hoàn Thành',NULL),
	(2,'2024-09-01 07:50:00','2024-09-01 17:03:00',N'Ðã Hoàn Thành',NULL),
	(3,'2024-09-01 07:50:00','2024-09-01 17:03:00',N'Ðã Hoàn Thành',NULL),
	(4,'2024-09-01 07:50:00','2024-09-01 17:03:00',N'Ðã Hoàn Thành',NULL),
	(5,'2024-09-01 07:50:00','2024-09-01 17:03:00',N'Ðã Hoàn Thành',NULL),
	(6,'2024-09-01 07:50:00','2024-09-01 17:03:00',N'Ðã Hoàn Thành',NULL),
	(7,'2024-09-01 07:50:00','2024-09-01 17:03:00',N'Ðã Hoàn Thành',NULL),
	(8,'2024-09-01 07:50:00','2024-09-01 17:03:00',N'Ðã Hoàn Thành',NULL),
	(9,'2024-09-01 07:50:00','2024-09-01 17:03:00',N'Ðã Hoàn Thành',NULL),
	(10,'2024-09-01 07:50:00','2024-09-01 17:03:00',N'Ðã Hoàn Thành',NULL),
	(11,'2024-09-01 07:50:00','2024-09-01 17:03:00',N'Ðã Hoàn Thành',NULL),
	(12,'2024-09-01 07:50:00','2024-09-01 17:03:00',N'Ðã Hoàn Thành',NULL),
	(13,'2024-09-01 07:50:00','2024-09-01 17:03:00',N'Ðã Hoàn Thành',NULL),
	(14,'2024-09-01 07:50:00','2024-09-01 17:03:00',N'Ðã Hoàn Thành',NULL),
	(15,'2024-09-01 07:50:00','2024-09-01 17:03:00',N'Ðã Hoàn Thành',NULL),
	(16,'2024-09-01 07:50:00','2024-09-01 17:03:00',N'Ðã Hoàn Thành',NULL),
	(17,'2024-09-01 07:50:00','2024-09-01 17:03:00',N'Ðã Hoàn Thành',NULL),
	(18,'2024-09-01 07:50:00','2024-09-01 17:03:00',N'Ðã Hoàn Thành',NULL),
	(19,'2024-09-01 07:50:00','2024-09-01 17:03:00',N'Ðã Hoàn Thành',NULL),
	(20,'2024-09-01 07:50:00','2024-09-01 17:03:00',N'Ðã Hoàn Thành',NULL),
	(21,'2024-09-01 07:50:00','2024-09-01 17:03:00',N'Ðã Hoàn Thành',NULL),
	(22,'2024-09-01 07:50:00','2024-09-01 17:03:00',N'Ðã Hoàn Thành',NULL),
	(23,'2024-09-01 07:50:00','2024-09-01 17:03:00',N'Ðã Hoàn Thành',NULL),
	(24,'2024-09-01 07:50:00','2024-09-01 17:03:00',N'Ðã Hoàn Thành',NULL),
	(25,'2024-09-01 07:50:00','2024-09-01 17:03:00',N'Ðã Hoàn Thành',NULL),
	(26,'2024-09-01 07:50:00','2024-09-01 17:03:00',N'Ðã Hoàn Thành',NULL),
	(27,'2024-09-01 07:50:00','2024-09-01 17:03:00',N'Ðã Hoàn Thành',NULL),
	(28,'2024-09-01 07:50:00','2024-09-01 17:03:00',N'Ðã Hoàn Thành',NULL),
	(29,'2024-09-01 07:50:00','2024-09-01 17:03:00',N'Ðã Hoàn Thành',NULL),
	(30,'2024-09-01 07:50:00','2024-09-01 17:03:00',N'Ðã Hoàn Thành',NULL),
	(31,'2024-09-01 07:50:00','2024-09-01 17:03:00',N'Ðã Hoàn Thành',NULL),
	(32,'2024-09-01 07:50:00','2024-09-01 17:03:00',N'Ðã Hoàn Thành',NULL),
	(33,'2024-09-01 07:50:00','2024-09-01 17:03:00',N'Ðã Hoàn Thành',NULL);

go
insert into LuongCu(MaNhanVien,Thang,Nam,LuongCoBan) values
(1,5,2024,2000000),
(1,6,2024,2000000),
(1,7,2024,2000000),
(1,8,2024,2000000),
(1,9,2024,2000000),
(2,5,2024,2000000),
(2,6,2024,2000000),
(2,7,2024,2000000),
(2,8,2024,2000000),
(2,9,2024,2000000),
(3,5,2024,2000000),
(3,6,2024,2000000),
(3,7,2024,2000000),
(3,8,2024,2000000),
(3,9,2024,2000000),
(4,5,2024,2000000),
(4,6,2024,2000000),
(4,7,2024,2000000),
(4,8,2024,2000000),
(4,9,2024,2000000),
(5,5,2024,2000000),
(5,6,2024,2000000),
(5,7,2024,2000000),
(5,8,2024,2000000),
(5,9,2024,2000000),
(6,5,2024,2000000),
(6,6,2024,2000000),
(6,7,2024,2000000),
(6,8,2024,2000000),
(6,9,2024,2000000),
(7,5,2024,2000000),
(7,6,2024,2000000),
(7,7,2024,2000000),
(7,8,2024,2000000),
(7,9,2024,2000000),
(8,5,2024,2000000),
(8,6,2024,2000000),
(8,7,2024,2000000),
(8,8,2024,2000000),
(8,9,2024,2000000),
(9,5,2024,2000000),
(9,6,2024,2000000),
(9,7,2024,2000000),
(9,8,2024,2000000),
(9,9,2024,2000000),
(10,5,2024,2000000),
(10,6,2024,2000000),
(10,7,2024,2000000),
(10,8,2024,2000000),
(10,9,2024,2000000),
(11,5,2024,2000000),
(11,6,2024,2000000),
(11,7,2024,2000000),
(11,8,2024,2000000),
(11,9,2024,2000000),
(12,5,2024,2000000),
(12,6,2024,2000000),
(12,7,2024,2000000),
(12,8,2024,2000000),
(12,9,2024,2000000),
(13,5,2024,2000000),
(13,6,2024,2000000),
(13,7,2024,2000000),
(13,8,2024,2000000),
(13,9,2024,2000000),
(14,5,2024,2000000),
(14,6,2024,2000000),
(14,7,2024,2000000),
(14,8,2024,2000000),
(14,9,2024,2000000),
(15,5,2024,2000000),
(15,6,2024,2000000),
(15,7,2024,2000000),
(15,8,2024,2000000),
(15,9,2024,2000000),
(16,5,2024,2000000),
(16,6,2024,2000000),
(16,7,2024,2000000),
(16,8,2024,2000000),
(16,9,2024,2000000),
(17,5,2024,2000000),
(17,6,2024,2000000),
(17,7,2024,2000000),
(17,8,2024,2000000),
(17,9,2024,2000000),
(18,5,2024,2000000),
(18,6,2024,2000000),
(18,7,2024,2000000),
(18,8,2024,2000000),
(18,9,2024,2000000),
(19,5,2024,2000000),
(19,6,2024,2000000),
(19,7,2024,2000000),
(19,8,2024,2000000),
(19,9,2024,2000000),
(20,5,2024,2000000),
(20,6,2024,2000000),
(20,7,2024,2000000),
(20,8,2024,2000000),
(20,9,2024,2000000),
(21,5,2024,2000000),
(21,6,2024,2000000),
(21,7,2024,2000000),
(21,8,2024,2000000),
(21,9,2024,2000000),
(22,5,2024,2000000),
(22,6,2024,2000000),
(22,7,2024,2000000),
(22,8,2024,2000000),
(22,9,2024,2000000),
(23,5,2024,2000000),
(23,6,2024,2000000),
(23,7,2024,2000000),
(23,8,2024,2000000),
(23,9,2024,2000000),
(24,5,2024,2000000),
(24,6,2024,2000000),
(24,7,2024,2000000),
(24,8,2024,2000000),
(24,9,2024,2000000),
(25,5,2024,2000000),
(25,6,2024,2000000),
(25,7,2024,2000000),
(25,8,2024,2000000),
(25,9,2024,2000000),
(26,5,2024,2000000),
(26,6,2024,2000000),
(26,7,2024,2000000),
(26,8,2024,2000000),
(26,9,2024,2000000),
(27,5,2024,2000000),
(27,6,2024,2000000),
(27,7,2024,2000000),
(27,8,2024,2000000),
(27,9,2024,2000000),
(28,5,2024,2000000),
(28,6,2024,2000000),
(28,7,2024,2000000),
(28,8,2024,2000000),
(28,9,2024,2000000),
(29,5,2024,2000000),
(29,6,2024,2000000),
(29,7,2024,2000000),
(29,8,2024,2000000),
(29,9,2024,2000000),
(30,5,2024,2000000),
(30,6,2024,2000000),
(30,7,2024,2000000),
(30,8,2024,2000000),
(30,9,2024,2000000),
(31,5,2024,2000000),
(31,6,2024,2000000),
(31,7,2024,2000000),
(31,8,2024,2000000),
(31,9,2024,2000000),
(32,5,2024,2000000),
(32,6,2024,2000000),
(32,7,2024,2000000),
(32,8,2024,2000000),
(32,9,2024,2000000),
(33,5,2024,2000000),
(33,6,2024,2000000),
(33,7,2024,2000000),
(33,8,2024,2000000),
(33,9,2024,2000000);
GO
INSERT INTO KhenThuongKyLuat (MaKTKL, MaNhanVien, LoaiKTKL, Thang, Nam, MaLyDo, SoTien)
VALUES
    (1, 1, N'Khen thưởng', 1, 2024, 4, 500000),
    (2, 2, N'Kỷ luật', 2, 2024, 7, -50000),     
    (3, 3, N'Khen thưởng', 3, 2024, 3, 200000),
    (4, 6, N'Kỷ luật', 4, 2024, 8, -100000),      
    (5, 4, N'Khen thưởng', 5, 2024, 1, 1000000);
GO
INSERT INTO KhenThuongKyLuat (MaKTKL, MaNhanVien, LoaiKTKL, Thang, Nam, MaLyDo, SoTien)
		SELECT 
			ISNULL((SELECT MAX(MaKTKL) FROM KhenThuongKyLuat), 0) + ROW_NUMBER() OVER (ORDER BY ChamCong.MaNhanVien),
			ChamCong.MaNhanVien,
			N'Kỷ luật',
			MONTH(NgayGioRa),
			YEAR(NgayGioRa),
			CASE 
				WHEN (TrangThai = N'Nghỉ' AND GhiChu = N'Không phép') THEN 8
				ELSE 6 
			END,
			CASE 
				WHEN (TrangThai = N'Nghỉ' AND GhiChu = N'Không phép') THEN -100000
				ELSE -50000 
			END
		FROM ChamCong
		WHERE (TrangThai = N'Nghỉ' AND GhiChu = N'Không phép') OR TrangThai = N'Vào trễ';
go

INSERT INTO Quyen(MaQuyen,TenQuyen)
VALUES
(1,'Admin'),(2,'Users');
go
INSERT INTO UserLogin(MaNhanVien,username,userpassword,MaQuyen)
VALUES
(3,'adminc','123456',1),
(4,'usersd','123456',2);

go

go
create procedure update_LuongCu
as begin
UPDATE LuongCu
	SET 
		LuongCu.HeSo = HeSo.HeSoLuong,
		PhucapChucVu = ChucVu.PhuCap,
		PhuCapTrinhDo = TrinhDo.PhuCap,
		BHYT = (2000000 * HeSo.HeSoLuong +ChucVu.PhuCap+TrinhDo.PhuCap)* PhanTramBHYT,
		BHTN = (2000000 * HeSo.HeSoLuong +ChucVu.PhuCap+TrinhDo.PhuCap)* PhanTramBHTN,
		BHXH = (2000000 * HeSo.HeSoLuong +ChucVu.PhuCap+TrinhDo.PhuCap)* PhanTramBHXH,
		LuongCu.KhenThuongKyLuat = ISNULL(
            (SELECT SUM(KhenThuongKyLuat.SoTien) 
             FROM KhenThuongKyLuat 
             WHERE KhenThuongKyLuat.MaNhanVien = LuongCu.MaNhanVien
               AND KhenThuongKyLuat.Thang = LuongCu.Thang
               AND KhenThuongKyLuat.Nam = LuongCu.Nam), 0),
		LuongCu.SoCong = CASE 
					WHEN (select COUNT(*) 
					from ChamCong
					where TrangThai != N'Nghỉ' 
						and MaNhanVien = LuongCu.MaNhanVien 
						and MONTH(NgayGioRa) = LuongCu.Thang 
						and YEAR(NgayGioRa) = LuongCu.Nam) = 0 
					THEN 30 
					ELSE (select COUNT(*) 
						  from ChamCong
						  where TrangThai != N'Nghỉ' 
							and MaNhanVien = LuongCu.MaNhanVien 
							and MONTH(NgayGioRa) = LuongCu.Thang 
							and YEAR(NgayGioRa) = LuongCu.Nam) 
				END ,
		LuongCu.ThucLinh = (2000000 * HeSo.HeSoLuong *(CASE 
					WHEN (select COUNT(*) 
					from ChamCong
					where TrangThai != N'Nghỉ' 
						and MaNhanVien = LuongCu.MaNhanVien 
						and MONTH(NgayGioRa) = LuongCu.Thang 
						and YEAR(NgayGioRa) = LuongCu.Nam) = 0 
					THEN 30 
					ELSE (select COUNT(*) 
						  from ChamCong
						  where TrangThai != N'Nghỉ' 
							and MaNhanVien = LuongCu.MaNhanVien 
							and MONTH(NgayGioRa) = LuongCu.Thang 
							and YEAR(NgayGioRa) = LuongCu.Nam) 
				END)/30)
		+ChucVu.PhuCap+TrinhDo.PhuCap -((2000000 * HeSo.HeSoLuong +ChucVu.PhuCap+TrinhDo.PhuCap)*(PhanTramBHTN+PhanTramBHXH+PhanTramBHYT)) +  ISNULL(
            (SELECT SUM(KhenThuongKyLuat.SoTien) 
             FROM KhenThuongKyLuat 
             WHERE KhenThuongKyLuat.MaNhanVien = LuongCu.MaNhanVien
               AND KhenThuongKyLuat.Thang = LuongCu.Thang
               AND KhenThuongKyLuat.Nam = LuongCu.Nam), 0)
		
	FROM LuongCu JOIN NhanVien ON LuongCu.MaNhanVien = NhanVien.MaNhanVien
		JOIN HeSo ON HeSo.MaHeSo = NhanVien.MaHeSo
		JOIN ChucVu ON ChucVu.MaChucVu = NhanVien.MaChucVu
		JOIN TrinhDo ON TrinhDo.MaTrinhDo = NhanVien.MaTrinhDo
		join LuongCoBan_PhanTramBH On MaLuongCoBan_PhanTramBH =1;
end;
go
exec update_LuongCu;
/*
update Luong
	set Luong.MaKTKL = 
            (SELECT KhenThuongKyLuat.MaKTKL 
             FROM KhenThuongKyLuat 
			 WHERE KhenThuongKyLuat.MaNhanVien = Luong.MaNhanVien
               AND KhenThuongKyLuat.Thang = Luong.Thang
               AND KhenThuongKyLuat.Nam = Luong.Nam
             )
		from Luong join NhanVien on Luong.MaNhanVien = NhanVien.MaNhanVien
		join KhenThuongKyLuat on KhenThuongKyLuat.MaNhanVien = NhanVien.MaNhanVien
*/
go

create proc proc_logic
 @username nvarchar(50),
 @userpassword nvarchar(50)
 as
 begin
 select* from UserLogin where username = @username and userpassword = @userpassword
 end